"Statement Period","Transaction Month","Label","Artist","Release Title","Track Title","UPC","ISRC","Release Catalog ID","Track Catalog ID","Format","Release ID","Track ID","Account ID","Contract ID","Payee ID","Service","Channel","Territory","Quantity","Gross Revenue in USD","Mechanical Royalties Deducted","Contract Rate %","Net Revenue in USD","Your Share %","Amount Due in USD","Opening Balance in USD","Closing Balance in USD"
"2025-04","2025-02","RoyalMotion IT","Obsedian Rifts","Bishad Rupantor - বিষাদ রুপান্তর","Bishad Rupantor - বিষাদ রুপান্তর","7316479968943","HUDHU2519932","RMITOR01","RMITOR01","Track","2676115.0000000000","6103462","612392","819897","669643","YouTube Music","Ad-Supported Streaming","United States","5","0.0128706119","0.0000000000","75.0000000000","0.0096529589","100.0000000000","0.0096529589","0.0440000000","2.6429664408"
"2025-04","2025-02","RoyalMotion IT","Salehin I Apon","Icarus Er Dana","Icarus Er Dana","7316479983168","HUDHU2519985","RMITSIA01","RMITSIA01","Track","2677767.0000000000","6105967","612392","819897","669643","YouTube Content ID","Ad-Supported Streaming","United States","4","0.0003323500","0.0000000000","75.0000000000","0.0002492625","100.0000000000","0.0002492625","",""
"2025-04","2025-02","RoyalMotion IT","Songket","Tumi Nei - তুমি নেই","Tumi Nei - তুমি নেই","7316479834224","HUDHU2519856","RMITSK01","RMITSK01","Track","2652456.0000000000","6053962","612392","819897","669643","YouTube Content ID","Ad-Supported Streaming","Italy","3","0.0001695750","0.0000000000","75.0000000000","0.0001271812","100.0000000000","0.0001271812","",""
"2025-04","2025-02","RoyalMotion IT","Songket","Tumi Nei - তুমি নেই","Tumi Nei - তুমি নেই","7316479834224","HUDHU2519856","RMITSK01","RMITSK01","Track","2652456.0000000000","6053962","612392","819897","669643","YouTube Content ID","Ad-Supported Streaming","Qatar","3","0.0010701500","0.0000000000","75.0000000000","0.0008026125","100.0000000000","0.0008026125","",""
"2025-04","2025-02","RoyalMotion IT","Songket","Tumi Nei - তুমি নেই","Tumi Nei - তুমি নেই","7316479834224","HUDHU2519856","RMITSK01","RMITSK01","Track","2652456.0000000000","6053962","612392","819897","669643","YouTube Content ID","Ad-Supported Streaming","South Africa","3","0.0004462500","0.0000000000","75.0000000000","0.0003346875","100.0000000000","0.0003346875","",""
"2025-04","2025-02","RoyalMotion IT","Dorshon","Priyo Bhul - প্রিয় ভুল","Priyo Bhul - প্রিয় ভুল","7316479786929","HUDHU2519799","RMITDS04","RMITDS04","Track","2644531.0000000000","6040966","612392","819897","669643","YouTube Music","Subscription Streaming","Bangladesh","1","0.0015753513","0.0000000000","75.0000000000","0.0011815135","100.0000000000","0.0011815135","",""
"2025-04","2025-02","RoyalMotion IT","Dorshon","Priyo Bhul - প্রিয় ভুল","Priyo Bhul - প্রিয় ভুল","7316479786929","HUDHU2519799","RMITDS04","RMITDS04","Track","2644531.0000000000","6040966","612392","819897","669643","YouTube Music","Ad-Supported Streaming","India","4","0.0006701856","0.0000000000","75.0000000000","0.0005026392","100.0000000000","0.0005026392","",""
"2025-04","2025-02","RoyalMotion IT","Songket","Tumi Nei - তুমি নেই","Tumi Nei - তুমি নেই","7316479834224","HUDHU2519856","RMITSK01","RMITSK01","Track","2652456.0000000000","6053962","612392","819897","669643","YouTube Content ID","Ad-Supported Streaming","Saudi Arabia","6","0.0048352250","0.0000000000","75.0000000000","0.0036264188","100.0000000000","0.0036264188","",""
"2025-04","2025-02","RoyalMotion IT","Obsedian Rifts","Bishad Rupantor - বিষাদ রুপান্তর","Bishad Rupantor - বিষাদ রুপান্তর","7316479968943","HUDHU2519932","RMITOR01","RMITOR01","Track","2676115.0000000000","6103462","612392","819897","669643","YouTube Content ID","Ad-Supported Streaming","Cyprus","1","0.0003272500","0.0000000000","75.0000000000","0.0002454375","100.0000000000","0.0002454375","",""
"2025-04","2025-02","RoyalMotion IT","Dorshon","Priyo Bhul - প্রিয় ভুল","Priyo Bhul - প্রিয় ভুল","7316479786929","HUDHU2519799","RMITDS04","RMITDS04","Track","2644531.0000000000","6040966","612392","819897","669643","YouTube Content ID","Ad-Supported Streaming","Qatar","3","0.0015321250","0.0000000000","75.0000000000","0.0011490938","100.0000000000","0.0011490938","",""
"2025-04","2025-02","RoyalMotion IT","Salehin I Apon","Icarus Er Dana","Icarus Er Dana","7316479983168","HUDHU2519985","RMITSIA01","RMITSIA01","Track","2677767.0000000000","6105967","612392","819897","669643","YouTube Content ID","Ad-Supported Streaming","Bangladesh","49","0.0001241000","0.0000000000","75.0000000000","0.0000930750","100.0000000000","0.0000930750","",""
"2025-04","2025-02","RoyalMotion IT","Protikkha","Artonaad - আর্তনাদ","Artonaad - আর্তনাদ","198676813441","QZNWR2426793","RMITPK01","RMITPK01","Track","2643468.0000000000","6039354","612392","819897","669643","YouTube Content ID","Ad-Supported Streaming","Bangladesh","5","0.0002477750","0.0000000000","75.0000000000","0.0001858312","100.0000000000","0.0001858312","",""
"2025-04","2025-02","RoyalMotion IT","Dorshon","Priyo Bhul - প্রিয় ভুল","Priyo Bhul - প্রিয় ভুল","7316479786929","HUDHU2519799","RMITDS04","RMITDS04","Track","2644531.0000000000","6040966","612392","819897","669643","YouTube Content ID","Subscription Streaming","Bangladesh","9","0.0043428603","0.0000000000","75.0000000000","0.0032571452","100.0000000000","0.0032571452","",""
"2025-04","2025-02","RoyalMotion IT","Obsedian Rifts","Bishad Rupantor - বিষাদ রুপান্তর","Bishad Rupantor - বিষাদ রুপান্তর","7316479968943","HUDHU2519932","RMITOR01","RMITOR01","Track","2676115.0000000000","6103462","612392","819897","669643","YouTube Music","Ad-Supported Streaming","United States","1","0.0151684044","0.0000000000","75.0000000000","0.0113763033","100.0000000000","0.0113763033","",""
"2025-04","2025-02","RoyalMotion IT","Dorshon","Priyo Bhul - প্রিয় ভুল","Priyo Bhul - প্রিয় ভুল","7316479786929","HUDHU2519799","RMITDS04","RMITDS04","Track","2644531.0000000000","6040966","612392","819897","669643","YouTube Music","Ad-Supported Streaming","Bangladesh","25","0.0016378050","0.0000000000","75.0000000000","0.0012283537","100.0000000000","0.0012283537","",""
"2025-04","2025-02","RoyalMotion IT","Obsedian Rifts","Bishad Rupantor - বিষাদ রুপান্তর","Bishad Rupantor - বিষাদ রুপান্তর","7316479968943","HUDHU2519932","RMITOR01","RMITOR01","Track","2676115.0000000000","6103462","612392","819897","669643","YouTube Music","Ad-Supported Streaming","Malaysia","63","0.0229807462","0.0000000000","75.0000000000","0.0172355596","100.0000000000","0.0172355596","",""
"2025-04","2025-02","RoyalMotion IT","Songket","Tumi Nei - তুমি নেই","Tumi Nei - তুমি নেই","7316479834224","HUDHU2519856","RMITSK01","RMITSK01","Track","2652456.0000000000","6053962","612392","819897","669643","YouTube Content ID","Ad-Supported Streaming","Kuwait","2","0.0000697000","0.0000000000","75.0000000000","0.0000522750","100.0000000000","0.0000522750","",""
"2025-04","2025-02","RoyalMotion IT","Dorshon","Priyo Bhul - প্রিয় ভুল","Priyo Bhul - প্রিয় ভুল","7316479786929","HUDHU2519799","RMITDS04","RMITDS04","Track","2644531.0000000000","6040966","612392","819897","669643","YouTube Content ID","Ad-Supported Streaming","Malaysia","3","0.0012626750","0.0000000000","75.0000000000","0.0009470062","100.0000000000","0.0009470062","",""
"2025-04","2025-02","RoyalMotion IT","Songket","Tumi Nei - তুমি নেই","Tumi Nei - তুমি নেই","7316479834224","HUDHU2519856","RMITSK01","RMITSK01","Track","2652456.0000000000","6053962","612392","819897","669643","YouTube Content ID","Ad-Supported Streaming","India","4","0.0000667250","0.0000000000","75.0000000000","0.0000500437","100.0000000000","0.0000500437","",""
"2025-04","2025-02","RoyalMotion IT","Dorshon","Priyo Bhul - প্রিয় ভুল","Priyo Bhul - প্রিয় ভুল","7316479786929","HUDHU2519799","RMITDS04","RMITDS04","Track","2644531.0000000000","6040966","612392","819897","669643","YouTube Music","Ad-Supported Streaming","Saudi Arabia","1","0.0013894656","0.0000000000","75.0000000000","0.0010420992","100.0000000000","0.0010420992","",""
"2025-04","2025-02","RoyalMotion IT","Protikkha","Artonaad - আর্তনাদ","Artonaad - আর্তনাদ","198676813441","QZNWR2426793","RMITPK01","RMITPK01","Track","2643468.0000000000","6039354","612392","819897","669643","YouTube Music","Ad-Supported Streaming","Saudi Arabia","6","0.0015605444","0.0000000000","75.0000000000","0.0011704083","100.0000000000","0.0011704083","",""
"2025-04","2025-02","RoyalMotion IT","Obsedian Rifts","Bishad Rupantor - বিষাদ রুপান্তর","Bishad Rupantor - বিষাদ রুপান্তর","7316479968943","HUDHU2519932","RMITOR01","RMITOR01","Track","2676115.0000000000","6103462","612392","819897","669643","YouTube Music","Ad-Supported Streaming","Singapore","21","0.0048191112","0.0000000000","75.0000000000","0.0036143334","100.0000000000","0.0036143334","",""
"2025-04","2025-02","RoyalMotion IT","Obsedian Rifts","Bishad Rupantor - বিষাদ রুপান্তর","Bishad Rupantor - বিষাদ রুপান্তর","7316479968943","HUDHU2519932","RMITOR01","RMITOR01","Track","2676115.0000000000","6103462","612392","819897","669643","YouTube Music","Ad-Supported Streaming","Denmark","1","0.0008859881","0.0000000000","75.0000000000","0.0006644911","100.0000000000","0.0006644911","",""
"2025-04","2025-02","RoyalMotion IT","Songket","Tumi Nei - তুমি নেই","Tumi Nei - তুমি নেই","7316479834224","HUDHU2519856","RMITSK01","RMITSK01","Track","2652456.0000000000","6053962","612392","819897","669643","YouTube Content ID","Ad-Supported Streaming","Switzerland","1","0.0063461000","0.0000000000","75.0000000000","0.0047595750","100.0000000000","0.0047595750","",""
"2025-04","2025-02","RoyalMotion IT","Songket","Tumi Nei - তুমি নেই","Tumi Nei - তুমি নেই","7316479834224","HUDHU2519856","RMITSK01","RMITSK01","Track","2652456.0000000000","6053962","612392","819897","669643","YouTube Content ID","Ad-Supported Streaming","India","7","0.0000522750","0.0000000000","75.0000000000","0.0000392062","100.0000000000","0.0000392062","",""
"2025-04","2025-02","RoyalMotion IT","Obsedian Rifts","Bishad Rupantor - বিষাদ রুপান্তর","Bishad Rupantor - বিষাদ রুপান্তর","7316479968943","HUDHU2519932","RMITOR01","RMITOR01","Track","2676115.0000000000","6103462","612392","819897","669643","YouTube Music","Ad-Supported Streaming","Netherlands","2","0.0010614375","0.0000000000","75.0000000000","0.0007960781","100.0000000000","0.0007960781","",""
"2025-04","2025-02","RoyalMotion IT","Songket","Tumi Nei - তুমি নেই","Tumi Nei - তুমি নেই","7316479834224","HUDHU2519856","RMITSK01","RMITSK01","Track","2652456.0000000000","6053962","612392","819897","669643","YouTube Content ID","Subscription Streaming","Bangladesh","1","0.0010498741","0.0000000000","75.0000000000","0.0007874056","100.0000000000","0.0007874056","",""
"2025-04","2025-02","RoyalMotion IT","Songket","Tumi Nei - তুমি নেই","Tumi Nei - তুমি নেই","7316479834224","HUDHU2519856","RMITSK01","RMITSK01","Track","2652456.0000000000","6053962","612392","819897","669643","YouTube Content ID","Ad-Supported Streaming","Saudi Arabia","15","0.0052610750","0.0000000000","75.0000000000","0.0039458062","100.0000000000","0.0039458062","",""
"2025-04","2025-02","RoyalMotion IT","Songket","Tumi Nei - তুমি নেই","Tumi Nei - তুমি নেই","7316479834224","HUDHU2519856","RMITSK01","RMITSK01","Track","2652456.0000000000","6053962","612392","819897","669643","YouTube Content ID","Ad-Supported Streaming","Qatar","3","0.0012367500","0.0000000000","75.0000000000","0.0009275625","100.0000000000","0.0009275625","",""
"2025-04","2025-02","RoyalMotion IT","Salehin I Apon","Icarus Er Dana","Icarus Er Dana","7316479983168","HUDHU2519985","RMITSIA01","RMITSIA01","Track","2677767.0000000000","6105967","612392","819897","669643","YouTube Content ID","Subscription Streaming","Bangladesh","2","0.0028952402","0.0000000000","75.0000000000","0.0021714302","100.0000000000","0.0021714302","",""
"2025-04","2025-02","RoyalMotion IT","Protikkha","Artonaad - আর্তনাদ","Artonaad - আর্তনাদ","198676813441","QZNWR2426793","RMITPK01","RMITPK01","Track","2643468.0000000000","6039354","612392","819897","669643","YouTube Music","Ad-Supported Streaming","Bangladesh","127","0.0025699275","0.0000000000","75.0000000000","0.0019274456","100.0000000000","0.0019274456","",""
"2025-04","2025-02","RoyalMotion IT","Songket","Tumi Nei - তুমি নেই","Tumi Nei - তুমি নেই","7316479834224","HUDHU2519856","RMITSK01","RMITSK01","Track","2652456.0000000000","6053962","612392","819897","669643","YouTube Music","Ad-Supported Streaming","Saudi Arabia","2","0.0029402512","0.0000000000","75.0000000000","0.0022051884","100.0000000000","0.0022051884","",""
"2025-04","2025-02","RoyalMotion IT","Songket","Tumi Nei - তুমি নেই","Tumi Nei - তুমি নেই","7316479834224","HUDHU2519856","RMITSK01","RMITSK01","Track","2652456.0000000000","6053962","612392","819897","669643","YouTube Content ID","Ad-Supported Streaming","Saudi Arabia","3","0.0001423750","0.0000000000","75.0000000000","0.0001067812","100.0000000000","0.0001067812","",""
"2025-04","2025-02","RoyalMotion IT","Dorshon","Priyo Bhul - প্রিয় ভুল","Priyo Bhul - প্রিয় ভুল","7316479786929","HUDHU2519799","RMITDS04","RMITDS04","Track","2644531.0000000000","6040966","612392","819897","669643","YouTube Content ID","Ad-Supported Streaming","Cyprus","2","0.0004216000","0.0000000000","75.0000000000","0.0003162000","100.0000000000","0.0003162000","",""
"2025-04","2025-02","RoyalMotion IT","Obsedian Rifts","Bishad Rupantor - বিষাদ রুপান্তর","Bishad Rupantor - বিষাদ রুপান্তর","7316479968943","HUDHU2519932","RMITOR01","RMITOR01","Track","2676115.0000000000","6103462","612392","819897","669643","YouTube Content ID","Subscription Streaming","Nigeria","1","0.0001944732","0.0000000000","75.0000000000","0.0001458549","100.0000000000","0.0001458549","",""
"2025-04","2025-02","RoyalMotion IT","Songket","Tumi Nei - তুমি নেই","Tumi Nei - তুমি নেই","7316479834224","HUDHU2519856","RMITSK01","RMITSK01","Track","2652456.0000000000","6053962","612392","819897","669643","YouTube Content ID","Ad-Supported Streaming","Bangladesh","210","0.0111367000","0.0000000000","75.0000000000","0.0083525250","100.0000000000","0.0083525250","",""
"2025-04","2025-02","RoyalMotion IT","Songket","Tumi Nei - তুমি নেই","Tumi Nei - তুমি নেই","7316479834224","HUDHU2519856","RMITSK01","RMITSK01","Track","2652456.0000000000","6053962","612392","819897","669643","YouTube Content ID","Subscription Streaming","India","1","0.0013191751","0.0000000000","75.0000000000","0.0009893813","100.0000000000","0.0009893813","",""
"2025-04","2025-02","RoyalMotion IT","Protikkha","Artonaad - আর্তনাদ","Artonaad - আর্তনাদ","198676813441","QZNWR2426793","RMITPK01","RMITPK01","Track","2643468.0000000000","6039354","612392","819897","669643","YouTube Music","Ad-Supported Streaming","Bangladesh","5","0.0002230869","0.0000000000","75.0000000000","0.0001673152","100.0000000000","0.0001673152","",""
"2025-04","2025-02","RoyalMotion IT","Songket","Tumi Nei - তুমি নেই","Tumi Nei - তুমি নেই","7316479834224","HUDHU2519856","RMITSK01","RMITSK01","Track","2652456.0000000000","6053962","612392","819897","669643","YouTube Content ID","Subscription Streaming","Bangladesh","3","0.0047238357","0.0000000000","75.0000000000","0.0035428768","100.0000000000","0.0035428768","",""
"2025-04","2025-02","RoyalMotion IT","Protikkha","Artonaad - আর্তনাদ","Artonaad - আর্তনাদ","198676813441","QZNWR2426793","RMITPK01","RMITPK01","Track","2643468.0000000000","6039354","612392","819897","669643","YouTube Music","Ad-Supported Streaming","Bangladesh","2","0.0003834356","0.0000000000","75.0000000000","0.0002875767","100.0000000000","0.0002875767","",""
"2025-04","2025-02","RoyalMotion IT","Dorshon","Priyo Bhul - প্রিয় ভুল","Priyo Bhul - প্রিয় ভুল","7316479786929","HUDHU2519799","RMITDS04","RMITDS04","Track","2644531.0000000000","6040966","612392","819897","669643","YouTube Content ID","Ad-Supported Streaming","Italy","9","0.0003213000","0.0000000000","75.0000000000","0.0002409750","100.0000000000","0.0002409750","",""
"2025-04","2025-02","RoyalMotion IT","Protikkha","Artonaad - আর্তনাদ","Artonaad - আর্তনাদ","198676813441","QZNWR2426793","RMITPK01","RMITPK01","Track","2643468.0000000000","6039354","612392","819897","669643","YouTube Music","Ad-Supported Streaming","Saudi Arabia","16","0.0080956925","0.0000000000","75.0000000000","0.0060717694","100.0000000000","0.0060717694","",""
"2025-04","2025-02","RoyalMotion IT","Dorshon","Priyo Bhul - প্রিয় ভুল","Priyo Bhul - প্রিয় ভুল","7316479786929","HUDHU2519799","RMITDS04","RMITDS04","Track","2644531.0000000000","6040966","612392","819897","669643","YouTube Content ID","Ad-Supported Streaming","Singapore","3","0.0011449500","0.0000000000","75.0000000000","0.0008587125","100.0000000000","0.0008587125","",""
"2025-04","2025-02","RoyalMotion IT","Dorshon","Priyo Bhul - প্রিয় ভুল","Priyo Bhul - প্রিয় ভুল","7316479786929","HUDHU2519799","RMITDS04","RMITDS04","Track","2644531.0000000000","6040966","612392","819897","669643","YouTube Content ID","Ad-Supported Streaming","India","51","0.0012070000","0.0000000000","75.0000000000","0.0009052500","100.0000000000","0.0009052500","",""
"2025-04","2025-02","RoyalMotion IT","Dorshon","Priyo Bhul - প্রিয় ভুল","Priyo Bhul - প্রিয় ভুল","7316479786929","HUDHU2519799","RMITDS04","RMITDS04","Track","2644531.0000000000","6040966","612392","819897","669643","YouTube Content ID","Ad-Supported Streaming","United Kingdom","3","0.0074154000","0.0000000000","75.0000000000","0.0055615500","100.0000000000","0.0055615500","",""
"2025-04","2025-02","RoyalMotion IT","Songket","Tumi Nei - তুমি নেই","Tumi Nei - তুমি নেই","7316479834224","HUDHU2519856","RMITSK01","RMITSK01","Track","2652456.0000000000","6053962","612392","819897","669643","YouTube Music","Ad-Supported Streaming","Brazil","1","0.0018249094","0.0000000000","75.0000000000","0.0013686820","100.0000000000","0.0013686820","",""
"2025-04","2025-02","RoyalMotion IT","Obsedian Rifts","Bishad Rupantor - বিষাদ রুপান্তর","Bishad Rupantor - বিষাদ রুপান্তর","7316479968943","HUDHU2519932","RMITOR01","RMITOR01","Track","2676115.0000000000","6103462","612392","819897","669643","YouTube Content ID","Ad-Supported Streaming","Kuwait","1","0.0001751000","0.0000000000","75.0000000000","0.0001313250","100.0000000000","0.0001313250","",""
"2025-04","2025-02","RoyalMotion IT","Dorshon","Priyo Bhul - প্রিয় ভুল","Priyo Bhul - প্রিয় ভুল","7316479786929","HUDHU2519799","RMITDS04","RMITDS04","Track","2644531.0000000000","6040966","612392","819897","669643","YouTube Content ID","Ad-Supported Streaming","India","52","0.0017794750","0.0000000000","75.0000000000","0.0013346062","100.0000000000","0.0013346062","",""
"2025-04","2025-02","RoyalMotion IT","Obsedian Rifts","Bishad Rupantor - বিষাদ রুপান্তর","Bishad Rupantor - বিষাদ রুপান্তর","7316479968943","HUDHU2519932","RMITOR01","RMITOR01","Track","2676115.0000000000","6103462","612392","819897","669643","YouTube Music","Ad-Supported Streaming","Bangladesh","3442","0.2267035556","0.0000000000","75.0000000000","0.1700276667","100.0000000000","0.1700276667","",""
"2025-04","2025-02","RoyalMotion IT","Dorshon","Priyo Bhul - প্রিয় ভুল","Priyo Bhul - প্রিয় ভুল","7316479786929","HUDHU2519799","RMITDS04","RMITDS04","Track","2644531.0000000000","6040966","612392","819897","669643","YouTube Content ID","Ad-Supported Streaming","India","34","0.0064328000","0.0000000000","75.0000000000","0.0048246000","100.0000000000","0.0048246000","",""
"2025-04","2025-02","RoyalMotion IT","Dorshon","Priyo Bhul - প্রিয় ভুল","Priyo Bhul - প্রিয় ভুল","7316479786929","HUDHU2519799","RMITDS04","RMITDS04","Track","2644531.0000000000","6040966","612392","819897","669643","YouTube Content ID","Ad-Supported Streaming","United Arab Emirates","15","0.0013349250","0.0000000000","75.0000000000","0.0010011937","100.0000000000","0.0010011937","",""
"2025-04","2025-02","RoyalMotion IT","Songket","Tumi Nei - তুমি নেই","Tumi Nei - তুমি নেই","7316479834224","HUDHU2519856","RMITSK01","RMITSK01","Track","2652456.0000000000","6053962","612392","819897","669643","YouTube Content ID","Ad-Supported Streaming","Japan","1","0.0001164500","0.0000000000","75.0000000000","0.0000873375","100.0000000000","0.0000873375","",""
"2025-04","2025-02","RoyalMotion IT","Dorshon","Priyo Bhul - প্রিয় ভুল","Priyo Bhul - প্রিয় ভুল","7316479786929","HUDHU2519799","RMITDS04","RMITDS04","Track","2644531.0000000000","6040966","612392","819897","669643","YouTube Music","Ad-Supported Streaming","United Arab Emirates","1","0.0005647125","0.0000000000","75.0000000000","0.0004235344","100.0000000000","0.0004235344","",""
"2025-04","2025-02","RoyalMotion IT","Dorshon","Priyo Bhul - প্রিয় ভুল","Priyo Bhul - প্রিয় ভুল","7316479786929","HUDHU2519799","RMITDS04","RMITDS04","Track","2644531.0000000000","6040966","612392","819897","669643","YouTube Music","Ad-Supported Streaming","Bangladesh","22","0.0018341362","0.0000000000","75.0000000000","0.0013756021","100.0000000000","0.0013756021","",""
"2025-04","2025-02","RoyalMotion IT","Dorshon","Priyo Bhul - প্রিয় ভুল","Priyo Bhul - প্রিয় ভুল","7316479786929","HUDHU2519799","RMITDS04","RMITDS04","Track","2644531.0000000000","6040966","612392","819897","669643","YouTube Content ID","Ad-Supported Streaming","Canada","3","0.0018542750","0.0000000000","75.0000000000","0.0013907063","100.0000000000","0.0013907063","",""
"2025-04","2025-02","RoyalMotion IT","Protikkha","Artonaad - আর্তনাদ","Artonaad - আর্তনাদ","198676813441","QZNWR2426793","RMITPK01","RMITPK01","Track","2643468.0000000000","6039354","612392","819897","669643","YouTube Music","Ad-Supported Streaming","Malaysia","1","0.0001113006","0.0000000000","75.0000000000","0.0000834755","100.0000000000","0.0000834755","",""
"2025-04","2025-02","RoyalMotion IT","Dorshon","Priyo Bhul - প্রিয় ভুল","Priyo Bhul - প্রিয় ভুল","7316479786929","HUDHU2519799","RMITDS04","RMITDS04","Track","2644531.0000000000","6040966","612392","819897","669643","YouTube Content ID","Ad-Supported Streaming","Oman","4","0.0004896000","0.0000000000","75.0000000000","0.0003672000","100.0000000000","0.0003672000","",""
"2025-04","2025-02","RoyalMotion IT","Songket","Tumi Nei - তুমি নেই","Tumi Nei - তুমি নেই","7316479834224","HUDHU2519856","RMITSK01","RMITSK01","Track","2652456.0000000000","6053962","612392","819897","669643","YouTube Music","Ad-Supported Streaming","Bangladesh","89","0.0016645144","0.0000000000","75.0000000000","0.0012483858","100.0000000000","0.0012483858","",""
"2025-04","2025-02","RoyalMotion IT","Dorshon","Priyo Bhul - প্রিয় ভুল","Priyo Bhul - প্রিয় ভুল","7316479786929","HUDHU2519799","RMITDS04","RMITDS04","Track","2644531.0000000000","6040966","612392","819897","669643","YouTube Content ID","Ad-Supported Streaming","United States","3","0.0132697750","0.0000000000","75.0000000000","0.0099523312","100.0000000000","0.0099523312","",""
"2025-04","2025-02","RoyalMotion IT","Songket","Tumi Nei - তুমি নেই","Tumi Nei - তুমি নেই","7316479834224","HUDHU2519856","RMITSK01","RMITSK01","Track","2652456.0000000000","6053962","612392","819897","669643","YouTube Content ID","Ad-Supported Streaming","United Arab Emirates","5","0.0038445500","0.0000000000","75.0000000000","0.0028834125","100.0000000000","0.0028834125","",""
"2025-04","2025-02","RoyalMotion IT","Dorshon","Priyo Bhul - প্রিয় ভুল","Priyo Bhul - প্রিয় ভুল","7316479786929","HUDHU2519799","RMITDS04","RMITDS04","Track","2644531.0000000000","6040966","612392","819897","669643","YouTube Content ID","Ad-Supported Streaming","Canada","5","0.0029074250","0.0000000000","75.0000000000","0.0021805687","100.0000000000","0.0021805687","",""
"2025-04","2025-02","RoyalMotion IT","Search Light","Cholo Adhar - চলো আঁধার","Cholo Adhar - চলো আঁধার","7316479843868","HUDHU2519861","RMITSL01","RMITSL01","Track","2653572.0000000000","6055839","612392","819897","669643","YouTube Music","Ad-Supported Streaming","India","2","0.0005603419","0.0000000000","75.0000000000","0.0004202564","100.0000000000","0.0004202564","",""
"2025-04","2025-02","RoyalMotion IT","Dorshon","Priyo Bhul - প্রিয় ভুল","Priyo Bhul - প্রিয় ভুল","7316479786929","HUDHU2519799","RMITDS04","RMITDS04","Track","2644531.0000000000","6040966","612392","819897","669643","YouTube Music","Ad-Supported Streaming","Bangladesh","6","0.0002677644","0.0000000000","75.0000000000","0.0002008233","100.0000000000","0.0002008233","",""
"2025-04","2025-02","RoyalMotion IT","Dorshon","Priyo Bhul - প্রিয় ভুল","Priyo Bhul - প্রিয় ভুল","7316479786929","HUDHU2519799","RMITDS04","RMITDS04","Track","2644531.0000000000","6040966","612392","819897","669643","YouTube Content ID","Ad-Supported Streaming","Qatar","3","0.0003710250","0.0000000000","75.0000000000","0.0002782687","100.0000000000","0.0002782687","",""
"2025-04","2025-02","RoyalMotion IT","Obsedian Rifts","Bishad Rupantor - বিষাদ রুপান্তর","Bishad Rupantor - বিষাদ রুপান্তর","7316479968943","HUDHU2519932","RMITOR01","RMITOR01","Track","2676115.0000000000","6103462","612392","819897","669643","YouTube Content ID","Ad-Supported Streaming","Saudi Arabia","6","0.0004785500","0.0000000000","75.0000000000","0.0003589125","100.0000000000","0.0003589125","",""
"2025-04","2025-02","RoyalMotion IT","Songket","Tumi Nei - তুমি নেই","Tumi Nei - তুমি নেই","7316479834224","HUDHU2519856","RMITSK01","RMITSK01","Track","2652456.0000000000","6053962","612392","819897","669643","YouTube Content ID","Ad-Supported Streaming","Saudi Arabia","11","0.0026001500","0.0000000000","75.0000000000","0.0019501125","100.0000000000","0.0019501125","",""
"2025-04","2025-02","RoyalMotion IT","Obsedian Rifts","Bishad Rupantor - বিষাদ রুপান্তর","Bishad Rupantor - বিষাদ রুপান্তর","7316479968943","HUDHU2519932","RMITOR01","RMITOR01","Track","2676115.0000000000","6103462","612392","819897","669643","YouTube Music","Ad-Supported Streaming","Saudi Arabia","63","0.0287038600","0.0000000000","75.0000000000","0.0215278950","100.0000000000","0.0215278950","",""
"2025-04","2025-02","RoyalMotion IT","Dorshon","Priyo Bhul - প্রিয় ভুল","Priyo Bhul - প্রিয় ভুল","7316479786929","HUDHU2519799","RMITDS04","RMITDS04","Track","2644531.0000000000","6040966","612392","819897","669643","YouTube Content ID","Ad-Supported Streaming","Netherlands","2","0.0026885500","0.0000000000","75.0000000000","0.0020164125","100.0000000000","0.0020164125","",""
"2025-04","2025-02","RoyalMotion IT","Protikkha","Artonaad - আর্তনাদ","Artonaad - আর্তনাদ","198676813441","QZNWR2426793","RMITPK01","RMITPK01","Track","2643468.0000000000","6039354","612392","819897","669643","YouTube Music","Subscription Streaming","United States","1","0.0058747379","0.0000000000","75.0000000000","0.0044060534","100.0000000000","0.0044060534","",""
"2025-04","2025-02","RoyalMotion IT","Songket","Tumi Nei - তুমি নেই","Tumi Nei - তুমি নেই","7316479834224","HUDHU2519856","RMITSK01","RMITSK01","Track","2652456.0000000000","6053962","612392","819897","669643","YouTube Content ID","Ad-Supported Streaming","Saudi Arabia","8","0.0003034500","0.0000000000","75.0000000000","0.0002275875","100.0000000000","0.0002275875","",""
"2025-04","2025-02","RoyalMotion IT","Songket","Tumi Nei - তুমি নেই","Tumi Nei - তুমি নেই","7316479834224","HUDHU2519856","RMITSK01","RMITSK01","Track","2652456.0000000000","6053962","612392","819897","669643","YouTube Content ID","Ad-Supported Streaming","Kuwait","3","0.0016298750","0.0000000000","75.0000000000","0.0012224062","100.0000000000","0.0012224062","",""
"2025-04","2025-02","RoyalMotion IT","Protikkha","Artonaad - আর্তনাদ","Artonaad - আর্তনাদ","198676813441","QZNWR2426793","RMITPK01","RMITPK01","Track","2643468.0000000000","6039354","612392","819897","669643","YouTube Music","Ad-Supported Streaming","Bangladesh","8","0.0000597781","0.0000000000","75.0000000000","0.0000448336","100.0000000000","0.0000448336","",""
"2025-04","2025-02","RoyalMotion IT","Protikkha","Artonaad - আর্তনাদ","Artonaad - আর্তনাদ","198676813441","QZNWR2426793","RMITPK01","RMITPK01","Track","2643468.0000000000","6039354","612392","819897","669643","YouTube Music","Ad-Supported Streaming","Bangladesh","9","0.0004757969","0.0000000000","75.0000000000","0.0003568477","100.0000000000","0.0003568477","",""
"2025-04","2025-02","RoyalMotion IT","Obsedian Rifts","Bishad Rupantor - বিষাদ রুপান্তর","Bishad Rupantor - বিষাদ রুপান্তর","7316479968943","HUDHU2519932","RMITOR01","RMITOR01","Track","2676115.0000000000","6103462","612392","819897","669643","YouTube Music","Ad-Supported Streaming","Bangladesh","3607","0.0843356725","0.0000000000","75.0000000000","0.0632517544","100.0000000000","0.0632517544","",""
"2025-04","2025-02","RoyalMotion IT","Obsedian Rifts","Bishad Rupantor - বিষাদ রুপান্তর","Bishad Rupantor - বিষাদ রুপান্তর","7316479968943","HUDHU2519932","RMITOR01","RMITOR01","Track","2676115.0000000000","6103462","612392","819897","669643","YouTube Music","Ad-Supported Streaming","Switzerland","1","0.0032828944","0.0000000000","75.0000000000","0.0024621708","100.0000000000","0.0024621708","",""
"2025-04","2025-02","RoyalMotion IT","Dorshon","Priyo Bhul - প্রিয় ভুল","Priyo Bhul - প্রিয় ভুল","7316479786929","HUDHU2519799","RMITDS04","RMITDS04","Track","2644531.0000000000","6040966","612392","819897","669643","YouTube Content ID","Ad-Supported Streaming","Portugal","3","0.0081893250","0.0000000000","75.0000000000","0.0061419938","100.0000000000","0.0061419938","",""
"2025-04","2025-02","RoyalMotion IT","Dorshon","Priyo Bhul - প্রিয় ভুল","Priyo Bhul - প্রিয় ভুল","7316479786929","HUDHU2519799","RMITDS04","RMITDS04","Track","2644531.0000000000","6040966","612392","819897","669643","YouTube Content ID","Ad-Supported Streaming","Bangladesh","1622","0.0097405750","0.0000000000","75.0000000000","0.0073054312","100.0000000000","0.0073054312","",""
"2025-04","2025-02","RoyalMotion IT","Obsedian Rifts","Bishad Rupantor - বিষাদ রুপান্তর","Bishad Rupantor - বিষাদ রুপান্তর","7316479968943","HUDHU2519932","RMITOR01","RMITOR01","Track","2676115.0000000000","6103462","612392","819897","669643","YouTube Content ID","Ad-Supported Streaming","Bangladesh","108","0.0000433500","0.0000000000","75.0000000000","0.0000325125","100.0000000000","0.0000325125","",""
"2025-04","2025-02","RoyalMotion IT","Dorshon","Priyo Bhul - প্রিয় ভুল","Priyo Bhul - প্রিয় ভুল","7316479786929","HUDHU2519799","RMITDS04","RMITDS04","Track","2644531.0000000000","6040966","612392","819897","669643","YouTube Music","Ad-Supported Streaming","Bangladesh","72","0.0012771937","0.0000000000","75.0000000000","0.0009578953","100.0000000000","0.0009578953","",""
"2025-04","2025-02","RoyalMotion IT","Protikkha","Artonaad - আর্তনাদ","Artonaad - আর্তনাদ","198676813441","QZNWR2426793","RMITPK01","RMITPK01","Track","2643468.0000000000","6039354","612392","819897","669643","YouTube Music","Subscription Streaming","Bangladesh","2","0.0015753513","0.0000000000","75.0000000000","0.0011815135","100.0000000000","0.0011815135","",""
"2025-04","2025-02","RoyalMotion IT","Protikkha","Artonaad - আর্তনাদ","Artonaad - আর্তনাদ","198676813441","QZNWR2426793","RMITPK01","RMITPK01","Track","2643468.0000000000","6039354","612392","819897","669643","YouTube Music","Ad-Supported Streaming","Singapore","3","0.0016742731","0.0000000000","75.0000000000","0.0012557048","100.0000000000","0.0012557048","",""
"2025-04","2025-02","RoyalMotion IT","Salehin I Apon","Icarus Er Dana","Icarus Er Dana","7316479983168","HUDHU2519985","RMITSIA01","RMITSIA01","Track","2677767.0000000000","6105967","612392","819897","669643","YouTube Content ID","Ad-Supported Streaming","Canada","1","0.0006757500","0.0000000000","75.0000000000","0.0005068125","100.0000000000","0.0005068125","",""
"2025-04","2025-02","RoyalMotion IT","Dorshon","Priyo Bhul - প্রিয় ভুল","Priyo Bhul - প্রিয় ভুল","7316479786929","HUDHU2519799","RMITDS04","RMITDS04","Track","2644531.0000000000","6040966","612392","819897","669643","YouTube Music","Ad-Supported Streaming","Bangladesh","14","0.0002070150","0.0000000000","75.0000000000","0.0001552612","100.0000000000","0.0001552612","",""
"2025-04","2025-02","RoyalMotion IT","Dorshon","Priyo Bhul - প্রিয় ভুল","Priyo Bhul - প্রিয় ভুল","7316479786929","HUDHU2519799","RMITDS04","RMITDS04","Track","2644531.0000000000","6040966","612392","819897","669643","YouTube Music","Ad-Supported Streaming","Bangladesh","19","0.0029665213","0.0000000000","75.0000000000","0.0022248910","100.0000000000","0.0022248910","",""
"2025-04","2025-02","RoyalMotion IT","Dorshon","Priyo Bhul - প্রিয় ভুল","Priyo Bhul - প্রিয় ভুল","7316479786929","HUDHU2519799","RMITDS04","RMITDS04","Track","2644531.0000000000","6040966","612392","819897","669643","YouTube Content ID","Ad-Supported Streaming","Saudi Arabia","34","0.0024076250","0.0000000000","75.0000000000","0.0018057188","100.0000000000","0.0018057188","",""
"2025-04","2025-02","RoyalMotion IT","Obsedian Rifts","Bishad Rupantor - বিষাদ রুপান্তর","Bishad Rupantor - বিষাদ রুপান্তর","7316479968943","HUDHU2519932","RMITOR01","RMITOR01","Track","2676115.0000000000","6103462","612392","819897","669643","YouTube Music","Ad-Supported Streaming","France","1","0.0001176137","0.0000000000","75.0000000000","0.0000882103","100.0000000000","0.0000882103","",""
"2025-04","2025-02","RoyalMotion IT","Protikkha","Artonaad - আর্তনাদ","Artonaad - আর্তনাদ","198676813441","QZNWR2426793","RMITPK01","RMITPK01","Track","2643468.0000000000","6039354","612392","819897","669643","YouTube Music","Ad-Supported Streaming","Romania","1","0.0074663456","0.0000000000","75.0000000000","0.0055997592","100.0000000000","0.0055997592","",""
"2025-04","2025-02","RoyalMotion IT","Dorshon","Priyo Bhul - প্রিয় ভুল","Priyo Bhul - প্রিয় ভুল","7316479786929","HUDHU2519799","RMITDS04","RMITDS04","Track","2644531.0000000000","6040966","612392","819897","669643","YouTube Music","Ad-Supported Streaming","Bangladesh","30","0.0008291238","0.0000000000","75.0000000000","0.0006218429","100.0000000000","0.0006218429","",""
"2025-04","2025-02","RoyalMotion IT","Songket","Tumi Nei - তুমি নেই","Tumi Nei - তুমি নেই","7316479834224","HUDHU2519856","RMITSK01","RMITSK01","Track","2652456.0000000000","6053962","612392","819897","669643","YouTube Music","Ad-Supported Streaming","United Arab Emirates","9","0.0000952750","0.0000000000","75.0000000000","0.0000714563","100.0000000000","0.0000714563","",""
"2025-04","2025-02","RoyalMotion IT","Songket","Tumi Nei - তুমি নেই","Tumi Nei - তুমি নেই","7316479834224","HUDHU2519856","RMITSK01","RMITSK01","Track","2652456.0000000000","6053962","612392","819897","669643","YouTube Content ID","Ad-Supported Streaming","Poland","1","0.0005057500","0.0000000000","75.0000000000","0.0003793125","100.0000000000","0.0003793125","",""
"2025-04","2025-02","RoyalMotion IT","Songket","Tumi Nei - তুমি নেই","Tumi Nei - তুমি নেই","7316479834224","HUDHU2519856","RMITSK01","RMITSK01","Track","2652456.0000000000","6053962","612392","819897","669643","YouTube Content ID","Ad-Supported Streaming","United Arab Emirates","7","0.0053103750","0.0000000000","75.0000000000","0.0039827813","100.0000000000","0.0039827813","",""
"2025-04","2025-02","RoyalMotion IT","Protikkha","Artonaad - আর্তনাদ","Artonaad - আর্তনাদ","198676813441","QZNWR2426793","RMITPK01","RMITPK01","Track","2643468.0000000000","6039354","612392","819897","669643","YouTube Music","Subscription Streaming","Canada","1","0.0044765866","0.0000000000","75.0000000000","0.0033574399","100.0000000000","0.0033574399","",""
"2025-04","2025-02","RoyalMotion IT","Songket","Tumi Nei - তুমি নেই","Tumi Nei - তুমি নেই","7316479834224","HUDHU2519856","RMITSK01","RMITSK01","Track","2652456.0000000000","6053962","612392","819897","669643","YouTube Content ID","Ad-Supported Streaming","Malaysia","2","0.0003459500","0.0000000000","75.0000000000","0.0002594625","100.0000000000","0.0002594625","",""
"2025-04","2025-02","RoyalMotion IT","Songket","Tumi Nei - তুমি নেই","Tumi Nei - তুমি নেই","7316479834224","HUDHU2519856","RMITSK01","RMITSK01","Track","2652456.0000000000","6053962","612392","819897","669643","YouTube Music","Ad-Supported Streaming","Bangladesh","525","0.0025713844","0.0000000000","75.0000000000","0.0019285383","100.0000000000","0.0019285383","",""
"2025-04","2025-02","RoyalMotion IT","Obsedian Rifts","Bishad Rupantor - বিষাদ রুপান্তর","Bishad Rupantor - বিষাদ রুপান্তর","7316479968943","HUDHU2519932","RMITOR01","RMITOR01","Track","2676115.0000000000","6103462","612392","819897","669643","YouTube Content ID","Ad-Supported Streaming","Malaysia","9","0.0002962250","0.0000000000","75.0000000000","0.0002221688","100.0000000000","0.0002221688","",""
"2025-04","2025-02","RoyalMotion IT","Obsedian Rifts","Bishad Rupantor - বিষাদ রুপান্তর","Bishad Rupantor - বিষাদ রুপান্তর","7316479968943","HUDHU2519932","RMITOR01","RMITOR01","Track","2676115.0000000000","6103462","612392","819897","669643","YouTube Music","Subscription Streaming","India","1","0.0014355729","0.0000000000","75.0000000000","0.0010766797","100.0000000000","0.0010766797","",""
"2025-04","2025-02","RoyalMotion IT","Dorshon","Priyo Bhul - প্রিয় ভুল","Priyo Bhul - প্রিয় ভুল","7316479786929","HUDHU2519799","RMITDS04","RMITDS04","Track","2644531.0000000000","6040966","612392","819897","669643","YouTube Content ID","Ad-Supported Streaming","Qatar","2","0.0021900250","0.0000000000","75.0000000000","0.0016425187","100.0000000000","0.0016425187","",""
"2025-04","2025-02","RoyalMotion IT","Protikkha","Artonaad - আর্তনাদ","Artonaad - আর্তনাদ","198676813441","QZNWR2426793","RMITPK01","RMITPK01","Track","2643468.0000000000","6039354","612392","819897","669643","YouTube Music","Ad-Supported Streaming","Saudi Arabia","2","0.0017894588","0.0000000000","75.0000000000","0.0013420941","100.0000000000","0.0013420941","",""
"2025-04","2025-02","RoyalMotion IT","Dorshon","Priyo Bhul - প্রিয় ভুল","Priyo Bhul - প্রিয় ভুল","7316479786929","HUDHU2519799","RMITDS04","RMITDS04","Track","2644531.0000000000","6040966","612392","819897","669643","YouTube Content ID","Ad-Supported Streaming","Singapore","2","0.0003965250","0.0000000000","75.0000000000","0.0002973938","100.0000000000","0.0002973938","",""
"2025-04","2025-02","RoyalMotion IT","Songket","Tumi Nei - তুমি নেই","Tumi Nei - তুমি নেই","7316479834224","HUDHU2519856","RMITSK01","RMITSK01","Track","2652456.0000000000","6053962","612392","819897","669643","YouTube Content ID","Ad-Supported Streaming","Kuwait","1","0.0000692750","0.0000000000","75.0000000000","0.0000519563","100.0000000000","0.0000519563","",""
"2025-04","2025-02","RoyalMotion IT","Songket","Tumi Nei - তুমি নেই","Tumi Nei - তুমি নেই","7316479834224","HUDHU2519856","RMITSK01","RMITSK01","Track","2652456.0000000000","6053962","612392","819897","669643","YouTube Music","Ad-Supported Streaming","Bangladesh","11","0.0007698312","0.0000000000","75.0000000000","0.0005773734","100.0000000000","0.0005773734","",""
"2025-04","2025-02","RoyalMotion IT","Songket","Tumi Nei - তুমি নেই","Tumi Nei - তুমি নেই","7316479834224","HUDHU2519856","RMITSK01","RMITSK01","Track","2652456.0000000000","6053962","612392","819897","669643","YouTube Content ID","Ad-Supported Streaming","Saudi Arabia","21","0.0017833000","0.0000000000","75.0000000000","0.0013374750","100.0000000000","0.0013374750","",""
"2025-04","2025-02","RoyalMotion IT","Obsedian Rifts","Bishad Rupantor - বিষাদ রুপান্তর","Bishad Rupantor - বিষাদ রুপান্তর","7316479968943","HUDHU2519932","RMITOR01","RMITOR01","Track","2676115.0000000000","6103462","612392","819897","669643","YouTube Music","Ad-Supported Streaming","Saudi Arabia","84","0.0497313994","0.0000000000","75.0000000000","0.0372985495","100.0000000000","0.0372985495","",""
"2025-04","2025-02","RoyalMotion IT","Obsedian Rifts","Bishad Rupantor - বিষাদ রুপান্তর","Bishad Rupantor - বিষাদ রুপান্তর","7316479968943","HUDHU2519932","RMITOR01","RMITOR01","Track","2676115.0000000000","6103462","612392","819897","669643","YouTube Music","Ad-Supported Streaming","India","242","0.0283330506","0.0000000000","75.0000000000","0.0212497880","100.0000000000","0.0212497880","",""
"2025-04","2025-02","RoyalMotion IT","Songket","Tumi Nei - তুমি নেই","Tumi Nei - তুমি নেই","7316479834224","HUDHU2519856","RMITSK01","RMITSK01","Track","2652456.0000000000","6053962","612392","819897","669643","YouTube Content ID","Ad-Supported Streaming","Singapore","1","0.0000582250","0.0000000000","75.0000000000","0.0000436688","100.0000000000","0.0000436688","",""
"2025-04","2025-02","RoyalMotion IT","Protikkha","Artonaad - আর্তনাদ","Artonaad - আর্তনাদ","198676813441","QZNWR2426793","RMITPK01","RMITPK01","Track","2643468.0000000000","6039354","612392","819897","669643","YouTube Music","Ad-Supported Streaming","India","1","0.0003319594","0.0000000000","75.0000000000","0.0002489696","100.0000000000","0.0002489696","",""
"2025-04","2025-02","RoyalMotion IT","Songket","Tumi Nei - তুমি নেই","Tumi Nei - তুমি নেই","7316479834224","HUDHU2519856","RMITSK01","RMITSK01","Track","2652456.0000000000","6053962","612392","819897","669643","YouTube Music","Ad-Supported Streaming","Qatar","1","0.0004067919","0.0000000000","75.0000000000","0.0003050939","100.0000000000","0.0003050939","",""
"2025-04","2025-02","RoyalMotion IT","Obsedian Rifts","Bishad Rupantor - বিষাদ রুপান্তর","Bishad Rupantor - বিষাদ রুপান্তর","7316479968943","HUDHU2519932","RMITOR01","RMITOR01","Track","2676115.0000000000","6103462","612392","819897","669643","YouTube Music","Ad-Supported Streaming","Romania","1","0.0001929319","0.0000000000","75.0000000000","0.0001446989","100.0000000000","0.0001446989","",""
"2025-04","2025-02","RoyalMotion IT","Obsedian Rifts","Bishad Rupantor - বিষাদ রুপান্তর","Bishad Rupantor - বিষাদ রুপান্তর","7316479968943","HUDHU2519932","RMITOR01","RMITOR01","Track","2676115.0000000000","6103462","612392","819897","669643","YouTube Content ID","Ad-Supported Streaming","India","7","0.0000433500","0.0000000000","75.0000000000","0.0000325125","100.0000000000","0.0000325125","",""
"2025-04","2025-02","RoyalMotion IT","Dorshon","Priyo Bhul - প্রিয় ভুল","Priyo Bhul - প্রিয় ভুল","7316479786929","HUDHU2519799","RMITDS04","RMITDS04","Track","2644531.0000000000","6040966","612392","819897","669643","YouTube Music","Subscription Streaming","India","1","0.0006470879","0.0000000000","75.0000000000","0.0004853159","100.0000000000","0.0004853159","",""
"2025-04","2025-02","RoyalMotion IT","Songket","Tumi Nei - তুমি নেই","Tumi Nei - তুমি নেই","7316479834224","HUDHU2519856","RMITSK01","RMITSK01","Track","2652456.0000000000","6053962","612392","819897","669643","YouTube Content ID","Ad-Supported Streaming","Italy","1","0.0000990250","0.0000000000","75.0000000000","0.0000742687","100.0000000000","0.0000742687","",""
"2025-04","2025-02","RoyalMotion IT","Dorshon","Priyo Bhul - প্রিয় ভুল","Priyo Bhul - প্রিয় ভুল","7316479786929","HUDHU2519799","RMITDS04","RMITDS04","Track","2644531.0000000000","6040966","612392","819897","669643","YouTube Content ID","Subscription Streaming","India","2","0.0011900927","0.0000000000","75.0000000000","0.0008925695","100.0000000000","0.0008925695","",""
"2025-04","2025-02","RoyalMotion IT","Protikkha","Artonaad - আর্তনাদ","Artonaad - আর্তনাদ","198676813441","QZNWR2426793","RMITPK01","RMITPK01","Track","2643468.0000000000","6039354","612392","819897","669643","YouTube Music","Ad-Supported Streaming","Bangladesh","138","0.0074857706","0.0000000000","75.0000000000","0.0056143280","100.0000000000","0.0056143280","",""
"2025-04","2025-02","RoyalMotion IT","Dorshon","Priyo Bhul - প্রিয় ভুল","Priyo Bhul - প্রিয় ভুল","7316479786929","HUDHU2519799","RMITDS04","RMITDS04","Track","2644531.0000000000","6040966","612392","819897","669643","YouTube Music","Subscription Streaming","Bangladesh","1","0.0015753513","0.0000000000","75.0000000000","0.0011815135","100.0000000000","0.0011815135","",""
"2025-04","2025-02","RoyalMotion IT","Dorshon","Priyo Bhul - প্রিয় ভুল","Priyo Bhul - প্রিয় ভুল","7316479786929","HUDHU2519799","RMITDS04","RMITDS04","Track","2644531.0000000000","6040966","612392","819897","669643","YouTube Content ID","Ad-Supported Streaming","Canada","2","0.0004479500","0.0000000000","75.0000000000","0.0003359625","100.0000000000","0.0003359625","",""
"2025-04","2025-02","RoyalMotion IT","Obsedian Rifts","Bishad Rupantor - বিষাদ রুপান্তর","Bishad Rupantor - বিষাদ রুপান্তর","7316479968943","HUDHU2519932","RMITOR01","RMITOR01","Track","2676115.0000000000","6103462","612392","819897","669643","YouTube Music","Ad-Supported Streaming","Germany","3","0.0060243863","0.0000000000","75.0000000000","0.0045182897","100.0000000000","0.0045182897","",""
"2025-04","2025-02","RoyalMotion IT","Dorshon","Priyo Bhul - প্রিয় ভুল","Priyo Bhul - প্রিয় ভুল","7316479786929","HUDHU2519799","RMITDS04","RMITDS04","Track","2644531.0000000000","6040966","612392","819897","669643","YouTube Content ID","Subscription Streaming","Malaysia","7","0.0093552506","0.0000000000","75.0000000000","0.0070164379","100.0000000000","0.0070164379","",""
"2025-04","2025-02","RoyalMotion IT","Protikkha","Artonaad - আর্তনাদ","Artonaad - আর্তনাদ","198676813441","QZNWR2426793","RMITPK01","RMITPK01","Track","2643468.0000000000","6039354","612392","819897","669643","YouTube Content ID","Ad-Supported Streaming","Bangladesh","9","0.0003867500","0.0000000000","75.0000000000","0.0002900625","100.0000000000","0.0002900625","",""
"2025-04","2025-02","RoyalMotion IT","Songket","Tumi Nei - তুমি নেই","Tumi Nei - তুমি নেই","7316479834224","HUDHU2519856","RMITSK01","RMITSK01","Track","2652456.0000000000","6053962","612392","819897","669643","YouTube Content ID","Ad-Supported Streaming","Sweden","1","0.0037183250","0.0000000000","75.0000000000","0.0027887438","100.0000000000","0.0027887438","",""
"2025-04","2025-02","RoyalMotion IT","Protikkha","Artonaad - আর্তনাদ","Artonaad - আর্তনাদ","198676813441","QZNWR2426793","RMITPK01","RMITPK01","Track","2643468.0000000000","6039354","612392","819897","669643","YouTube Content ID","Ad-Supported Streaming","Bangladesh","14","0.0000816000","0.0000000000","75.0000000000","0.0000612000","100.0000000000","0.0000612000","",""
"2025-04","2025-02","RoyalMotion IT","Songket","Tumi Nei - তুমি নেই","Tumi Nei - তুমি নেই","7316479834224","HUDHU2519856","RMITSK01","RMITSK01","Track","2652456.0000000000","6053962","612392","819897","669643","YouTube Content ID","Ad-Supported Streaming","Bangladesh","552","0.0022771500","0.0000000000","75.0000000000","0.0017078625","100.0000000000","0.0017078625","",""
"2025-04","2025-02","RoyalMotion IT","Obsedian Rifts","Bishad Rupantor - বিষাদ রুপান্তর","Bishad Rupantor - বিষাদ রুপান্তর","7316479968943","HUDHU2519932","RMITOR01","RMITOR01","Track","2676115.0000000000","6103462","612392","819897","669643","YouTube Music","Subscription Streaming","Egypt","1","0.0025447110","0.0000000000","75.0000000000","0.0019085332","100.0000000000","0.0019085332","",""
"2025-04","2025-02","RoyalMotion IT","Songket","Tumi Nei - তুমি নেই","Tumi Nei - তুমি নেই","7316479834224","HUDHU2519856","RMITSK01","RMITSK01","Track","2652456.0000000000","6053962","612392","819897","669643","YouTube Music","Ad-Supported Streaming","Malaysia","1","0.0002483394","0.0000000000","75.0000000000","0.0001862545","100.0000000000","0.0001862545","",""
"2025-04","2025-02","RoyalMotion IT","Obsedian Rifts","Bishad Rupantor - বিষাদ রুপান্তর","Bishad Rupantor - বিষাদ রুপান্তর","7316479968943","HUDHU2519932","RMITOR01","RMITOR01","Track","2676115.0000000000","6103462","612392","819897","669643","YouTube Content ID","Ad-Supported Streaming","Bangladesh","861","0.0020553000","0.0000000000","75.0000000000","0.0015414750","100.0000000000","0.0015414750","",""
"2025-04","2025-02","RoyalMotion IT","Songket","Tumi Nei - তুমি নেই","Tumi Nei - তুমি নেই","7316479834224","HUDHU2519856","RMITSK01","RMITSK01","Track","2652456.0000000000","6053962","612392","819897","669643","YouTube Content ID","Ad-Supported Streaming","Bangladesh","246","0.0000450500","0.0000000000","75.0000000000","0.0000337875","100.0000000000","0.0000337875","",""
"2025-04","2025-02","RoyalMotion IT","Dorshon","Priyo Bhul - প্রিয় ভুল","Priyo Bhul - প্রিয় ভুল","7316479786929","HUDHU2519799","RMITDS04","RMITDS04","Track","2644531.0000000000","6040966","612392","819897","669643","YouTube Content ID","Ad-Supported Streaming","United States","2","0.0042172750","0.0000000000","75.0000000000","0.0031629563","100.0000000000","0.0031629563","",""
"2025-04","2025-02","RoyalMotion IT","Obsedian Rifts","Bishad Rupantor - বিষাদ রুপান্তর","Bishad Rupantor - বিষাদ রুপান্তর","7316479968943","HUDHU2519932","RMITOR01","RMITOR01","Track","2676115.0000000000","6103462","612392","819897","669643","YouTube Music","Ad-Supported Streaming","Cyprus","4","0.0019819050","0.0000000000","75.0000000000","0.0014864288","100.0000000000","0.0014864288","",""
"2025-04","2025-02","RoyalMotion IT","Songket","Tumi Nei - তুমি নেই","Tumi Nei - তুমি নেই","7316479834224","HUDHU2519856","RMITSK01","RMITSK01","Track","2652456.0000000000","6053962","612392","819897","669643","YouTube Content ID","Ad-Supported Streaming","Saudi Arabia","24","0.0163195750","0.0000000000","75.0000000000","0.0122396812","100.0000000000","0.0122396812","",""
"2025-04","2025-02","RoyalMotion IT","Obsedian Rifts","Bishad Rupantor - বিষাদ রুপান্তর","Bishad Rupantor - বিষাদ রুপান্তর","7316479968943","HUDHU2519932","RMITOR01","RMITOR01","Track","2676115.0000000000","6103462","612392","819897","669643","YouTube Content ID","Ad-Supported Streaming","Bangladesh","354","0.0002639250","0.0000000000","75.0000000000","0.0001979437","100.0000000000","0.0001979437","",""
"2025-04","2025-02","RoyalMotion IT","Obsedian Rifts","Bishad Rupantor - বিষাদ রুপান্তর","Bishad Rupantor - বিষাদ রুপান্তর","7316479968943","HUDHU2519932","RMITOR01","RMITOR01","Track","2676115.0000000000","6103462","612392","819897","669643","YouTube Content ID","Ad-Supported Streaming","Bangladesh","159","0.0004483750","0.0000000000","75.0000000000","0.0003362812","100.0000000000","0.0003362812","",""
"2025-04","2025-02","RoyalMotion IT","Dorshon","Priyo Bhul - প্রিয় ভুল","Priyo Bhul - প্রিয় ভুল","7316479786929","HUDHU2519799","RMITDS04","RMITDS04","Track","2644531.0000000000","6040966","612392","819897","669643","YouTube Music","Ad-Supported Streaming","Bangladesh","24","0.0015216481","0.0000000000","75.0000000000","0.0011412361","100.0000000000","0.0011412361","",""
"2025-04","2025-02","RoyalMotion IT","Obsedian Rifts","Bishad Rupantor - বিষাদ রুপান্তর","Bishad Rupantor - বিষাদ রুপান্তর","7316479968943","HUDHU2519932","RMITOR01","RMITOR01","Track","2676115.0000000000","6103462","612392","819897","669643","YouTube Music","Ad-Supported Streaming","Bahrain","2","0.0001900181","0.0000000000","75.0000000000","0.0001425136","100.0000000000","0.0001425136","",""
"2025-04","2025-02","RoyalMotion IT","Protikkha","Artonaad - আর্তনাদ","Artonaad - আর্তনাদ","198676813441","QZNWR2426793","RMITPK01","RMITPK01","Track","2643468.0000000000","6039354","612392","819897","669643","YouTube Music","Ad-Supported Streaming","Bangladesh","5","0.0000277269","0.0000000000","75.0000000000","0.0000207952","100.0000000000","0.0000207952","",""
"2025-04","2025-02","RoyalMotion IT","Obsedian Rifts","Bishad Rupantor - বিষাদ রুপান্তর","Bishad Rupantor - বিষাদ রুপান্তর","7316479968943","HUDHU2519932","RMITOR01","RMITOR01","Track","2676115.0000000000","6103462","612392","819897","669643","YouTube Music","Ad-Supported Streaming","Bangladesh","4197","0.2291607719","0.0000000000","75.0000000000","0.1718705789","100.0000000000","0.1718705789","",""
"2025-04","2025-02","RoyalMotion IT","Obsedian Rifts","Bishad Rupantor - বিষাদ রুপান্তর","Bishad Rupantor - বিষাদ রুপান্তর","7316479968943","HUDHU2519932","RMITOR01","RMITOR01","Track","2676115.0000000000","6103462","612392","819897","669643","YouTube Content ID","Ad-Supported Streaming","Oman","5","0.0000833000","0.0000000000","75.0000000000","0.0000624750","100.0000000000","0.0000624750","",""
"2025-04","2025-02","RoyalMotion IT","Obsedian Rifts","Bishad Rupantor - বিষাদ রুপান্তর","Bishad Rupantor - বিষাদ রুপান্তর","7316479968943","HUDHU2519932","RMITOR01","RMITOR01","Track","2676115.0000000000","6103462","612392","819897","669643","YouTube Content ID","Ad-Supported Streaming","Hong Kong","1","0.0004530500","0.0000000000","75.0000000000","0.0003397875","100.0000000000","0.0003397875","",""
"2025-04","2025-02","RoyalMotion IT","Dorshon","Priyo Bhul - প্রিয় ভুল","Priyo Bhul - প্রিয় ভুল","7316479786929","HUDHU2519799","RMITDS04","RMITDS04","Track","2644531.0000000000","6040966","612392","819897","669643","YouTube Music","Ad-Supported Streaming","Bangladesh","69","0.0046052975","0.0000000000","75.0000000000","0.0034539731","100.0000000000","0.0034539731","",""
"2025-04","2025-02","RoyalMotion IT","Obsedian Rifts","Bishad Rupantor - বিষাদ রুপান্তর","Bishad Rupantor - বিষাদ রুপান্তর","7316479968943","HUDHU2519932","RMITOR01","RMITOR01","Track","2676115.0000000000","6103462","612392","819897","669643","YouTube Music","Ad-Supported Streaming","Sri Lanka","1","0.0003538125","0.0000000000","75.0000000000","0.0002653594","100.0000000000","0.0002653594","",""
"2025-04","2025-02","RoyalMotion IT","Songket","Tumi Nei - তুমি নেই","Tumi Nei - তুমি নেই","7316479834224","HUDHU2519856","RMITSK01","RMITSK01","Track","2652456.0000000000","6053962","612392","819897","669643","YouTube Music","Ad-Supported Streaming","United Arab Emirates","1","0.0011459825","0.0000000000","75.0000000000","0.0008594869","100.0000000000","0.0008594869","",""
"2025-04","2025-02","RoyalMotion IT","Protikkha","Artonaad - আর্তনাদ","Artonaad - আর্তনাদ","198676813441","QZNWR2426793","RMITPK01","RMITPK01","Track","2643468.0000000000","6039354","612392","819897","669643","YouTube Music","Ad-Supported Streaming","United States","2","0.0086191269","0.0000000000","75.0000000000","0.0064643452","100.0000000000","0.0064643452","",""
"2025-04","2025-02","RoyalMotion IT","Obsedian Rifts","Bishad Rupantor - বিষাদ রুপান্তর","Bishad Rupantor - বিষাদ রুপান্তর","7316479968943","HUDHU2519932","RMITOR01","RMITOR01","Track","2676115.0000000000","6103462","612392","819897","669643","YouTube Content ID","Ad-Supported Streaming","Malaysia","1","0.0000340000","0.0000000000","75.0000000000","0.0000255000","100.0000000000","0.0000255000","",""
"2025-04","2025-02","RoyalMotion IT","Protikkha","Artonaad - আর্তনাদ","Artonaad - আর্তনাদ","198676813441","QZNWR2426793","RMITPK01","RMITPK01","Track","2643468.0000000000","6039354","612392","819897","669643","YouTube Music","Ad-Supported Streaming","Bangladesh","26","0.0003504131","0.0000000000","75.0000000000","0.0002628098","100.0000000000","0.0002628098","",""
"2025-04","2025-02","RoyalMotion IT","Obsedian Rifts","Bishad Rupantor - বিষাদ রুপান্তর","Bishad Rupantor - বিষাদ রুপান্তর","7316479968943","HUDHU2519932","RMITOR01","RMITOR01","Track","2676115.0000000000","6103462","612392","819897","669643","YouTube Music","Ad-Supported Streaming","Vietnam","2","0.0002454256","0.0000000000","75.0000000000","0.0001840692","100.0000000000","0.0001840692","",""
"2025-04","2025-02","RoyalMotion IT","Dorshon","Priyo Bhul - প্রিয় ভুল","Priyo Bhul - প্রিয় ভুল","7316479786929","HUDHU2519799","RMITDS04","RMITDS04","Track","2644531.0000000000","6040966","612392","819897","669643","YouTube Content ID","Ad-Supported Streaming","Indonesia","1","0.0001168750","0.0000000000","75.0000000000","0.0000876562","100.0000000000","0.0000876562","",""
"2025-04","2025-02","RoyalMotion IT","Dorshon","Priyo Bhul - প্রিয় ভুল","Priyo Bhul - প্রিয় ভুল","7316479786929","HUDHU2519799","RMITDS04","RMITDS04","Track","2644531.0000000000","6040966","612392","819897","669643","YouTube Content ID","Subscription Streaming","India","1","0.0007378265","0.0000000000","75.0000000000","0.0005533699","100.0000000000","0.0005533699","",""
"2025-04","2025-02","RoyalMotion IT","Dorshon","Priyo Bhul - প্রিয় ভুল","Priyo Bhul - প্রিয় ভুল","7316479786929","HUDHU2519799","RMITDS04","RMITDS04","Track","2644531.0000000000","6040966","612392","819897","669643","YouTube Content ID","Subscription Streaming","Bangladesh","11","0.0108961416","0.0000000000","75.0000000000","0.0081721062","100.0000000000","0.0081721062","",""
"2025-04","2025-02","RoyalMotion IT","Songket","Tumi Nei - তুমি নেই","Tumi Nei - তুমি নেই","7316479834224","HUDHU2519856","RMITSK01","RMITSK01","Track","2652456.0000000000","6053962","612392","819897","669643","YouTube Content ID","Ad-Supported Streaming","Singapore","3","0.0013906000","0.0000000000","75.0000000000","0.0010429500","100.0000000000","0.0010429500","",""
"2025-04","2025-02","RoyalMotion IT","Protikkha","Artonaad - আর্তনাদ","Artonaad - আর্তনাদ","198676813441","QZNWR2426793","RMITPK01","RMITPK01","Track","2643468.0000000000","6039354","612392","819897","669643","YouTube Music","Subscription Streaming","Bangladesh","1","0.0035652935","0.0000000000","75.0000000000","0.0026739701","100.0000000000","0.0026739701","",""
"2025-04","2025-02","RoyalMotion IT","Obsedian Rifts","Bishad Rupantor - বিষাদ রুপান্তর","Bishad Rupantor - বিষাদ রুপান্তর","7316479968943","HUDHU2519932","RMITOR01","RMITOR01","Track","2676115.0000000000","6103462","612392","819897","669643","YouTube Music","Ad-Supported Streaming","Japan","1","0.0032935781","0.0000000000","75.0000000000","0.0024701836","100.0000000000","0.0024701836","",""
"2025-04","2025-02","RoyalMotion IT","Songket","Tumi Nei - তুমি নেই","Tumi Nei - তুমি নেই","7316479834224","HUDHU2519856","RMITSK01","RMITSK01","Track","2652456.0000000000","6053962","612392","819897","669643","YouTube Content ID","Ad-Supported Streaming","United Arab Emirates","8","0.0001670250","0.0000000000","75.0000000000","0.0001252688","100.0000000000","0.0001252688","",""
"2025-04","2025-02","RoyalMotion IT","Dorshon","Priyo Bhul - প্রিয় ভুল","Priyo Bhul - প্রিয় ভুল","7316479786929","HUDHU2519799","RMITDS04","RMITDS04","Track","2644531.0000000000","6040966","612392","819897","669643","YouTube Content ID","Ad-Supported Streaming","Sweden","4","0.0084001250","0.0000000000","75.0000000000","0.0063000938","100.0000000000","0.0063000938","",""
"2025-04","2025-02","RoyalMotion IT","Salehin I Apon","Icarus Er Dana","Icarus Er Dana","7316479983168","HUDHU2519985","RMITSIA01","RMITSIA01","Track","2677767.0000000000","6105967","612392","819897","669643","YouTube Music","Ad-Supported Streaming","United States","1","0.0024095787","0.0000000000","75.0000000000","0.0018071840","100.0000000000","0.0018071840","",""
"2025-04","2025-02","RoyalMotion IT","Dorshon","Priyo Bhul - প্রিয় ভুল","Priyo Bhul - প্রিয় ভুল","7316479786929","HUDHU2519799","RMITDS04","RMITDS04","Track","2644531.0000000000","6040966","612392","819897","669643","YouTube Content ID","Ad-Supported Streaming","Malaysia","9","0.0008610500","0.0000000000","75.0000000000","0.0006457875","100.0000000000","0.0006457875","",""
"2025-04","2025-02","RoyalMotion IT","Songket","Tumi Nei - তুমি নেই","Tumi Nei - তুমি নেই","7316479834224","HUDHU2519856","RMITSK01","RMITSK01","Track","2652456.0000000000","6053962","612392","819897","669643","YouTube Content ID","Ad-Supported Streaming","Saudi Arabia","5","0.0001224000","0.0000000000","75.0000000000","0.0000918000","100.0000000000","0.0000918000","",""
"2025-04","2025-02","RoyalMotion IT","Songket","Tumi Nei - তুমি নেই","Tumi Nei - তুমি নেই","7316479834224","HUDHU2519856","RMITSK01","RMITSK01","Track","2652456.0000000000","6053962","612392","819897","669643","YouTube Music","Ad-Supported Streaming","Malaysia","8","0.0003373013","0.0000000000","75.0000000000","0.0002529760","100.0000000000","0.0002529760","",""
"2025-04","2025-02","RoyalMotion IT","Obsedian Rifts","Bishad Rupantor - বিষাদ রুপান্তর","Bishad Rupantor - বিষাদ রুপান্তর","7316479968943","HUDHU2519932","RMITOR01","RMITOR01","Track","2676115.0000000000","6103462","612392","819897","669643","YouTube Music","Ad-Supported Streaming","Cyprus","2","0.0007586619","0.0000000000","75.0000000000","0.0005689964","100.0000000000","0.0005689964","",""
"2025-04","2025-02","RoyalMotion IT","Dorshon","Priyo Bhul - প্রিয় ভুল","Priyo Bhul - প্রিয় ভুল","7316479786929","HUDHU2519799","RMITDS04","RMITDS04","Track","2644531.0000000000","6040966","612392","819897","669643","YouTube Content ID","Ad-Supported Streaming","Australia","1","0.0003506250","0.0000000000","75.0000000000","0.0002629688","100.0000000000","0.0002629688","",""
"2025-04","2025-02","RoyalMotion IT","Dorshon","Priyo Bhul - প্রিয় ভুল","Priyo Bhul - প্রিয় ভুল","7316479786929","HUDHU2519799","RMITDS04","RMITDS04","Track","2644531.0000000000","6040966","612392","819897","669643","YouTube Content ID","Subscription Streaming","Bangladesh","9","0.0082720541","0.0000000000","75.0000000000","0.0062040406","100.0000000000","0.0062040406","",""
"2025-04","2025-02","RoyalMotion IT","Obsedian Rifts","Bishad Rupantor - বিষাদ রুপান্তর","Bishad Rupantor - বিষাদ রুপান্তর","7316479968943","HUDHU2519932","RMITOR01","RMITOR01","Track","2676115.0000000000","6103462","612392","819897","669643","YouTube Music","Subscription Streaming","United States","1","0.0058747379","0.0000000000","75.0000000000","0.0044060534","100.0000000000","0.0044060534","",""
"2025-04","2025-02","RoyalMotion IT","Dorshon","Priyo Bhul - প্রিয় ভুল","Priyo Bhul - প্রিয় ভুল","7316479786929","HUDHU2519799","RMITDS04","RMITDS04","Track","2644531.0000000000","6040966","612392","819897","669643","YouTube Music","Ad-Supported Streaming","Bangladesh","4","0.0005783563","0.0000000000","75.0000000000","0.0004337672","100.0000000000","0.0004337672","",""
"2025-04","2025-02","RoyalMotion IT","Protikkha","Artonaad - আর্তনাদ","Artonaad - আর্তনাদ","198676813441","QZNWR2426793","RMITPK01","RMITPK01","Track","2643468.0000000000","6039354","612392","819897","669643","YouTube Music","Ad-Supported Streaming","Cyprus","2","0.0024742131","0.0000000000","75.0000000000","0.0018556598","100.0000000000","0.0018556598","",""
"2025-04","2025-02","RoyalMotion IT","Dorshon","Priyo Bhul - প্রিয় ভুল","Priyo Bhul - প্রিয় ভুল","7316479786929","HUDHU2519799","RMITDS04","RMITDS04","Track","2644531.0000000000","6040966","612392","819897","669643","YouTube Content ID","Ad-Supported Streaming","Denmark","2","0.0082977000","0.0000000000","75.0000000000","0.0062232750","100.0000000000","0.0062232750","",""
"2025-04","2025-02","RoyalMotion IT","Dorshon","Priyo Bhul - প্রিয় ভুল","Priyo Bhul - প্রিয় ভুল","7316479786929","HUDHU2519799","RMITDS04","RMITDS04","Track","2644531.0000000000","6040966","612392","819897","669643","YouTube Music","Subscription Streaming","Bangladesh","2","0.0031507025","0.0000000000","75.0000000000","0.0023630269","100.0000000000","0.0023630269","",""
"2025-04","2025-02","RoyalMotion IT","Dorshon","Priyo Bhul - প্রিয় ভুল","Priyo Bhul - প্রিয় ভুল","7316479786929","HUDHU2519799","RMITDS04","RMITDS04","Track","2644531.0000000000","6040966","612392","819897","669643","YouTube Content ID","Ad-Supported Streaming","Oman","4","0.0009005750","0.0000000000","75.0000000000","0.0006754312","100.0000000000","0.0006754312","",""
"2025-04","2025-02","RoyalMotion IT","Protikkha","Artonaad - আর্তনাদ","Artonaad - আর্তনাদ","198676813441","QZNWR2426793","RMITPK01","RMITPK01","Track","2643468.0000000000","6039354","612392","819897","669643","YouTube Music","Ad-Supported Streaming","Bangladesh","4","0.0001501969","0.0000000000","75.0000000000","0.0001126477","100.0000000000","0.0001126477","",""
"2025-04","2025-02","RoyalMotion IT","Songket","Tumi Nei - তুমি নেই","Tumi Nei - তুমি নেই","7316479834224","HUDHU2519856","RMITSK01","RMITSK01","Track","2652456.0000000000","6053962","612392","819897","669643","YouTube Content ID","Ad-Supported Streaming","United Kingdom","1","0.0002528750","0.0000000000","75.0000000000","0.0001896562","100.0000000000","0.0001896562","",""
"2025-04","2025-02","RoyalMotion IT","Search Light","Cholo Adhar - চলো আঁধার","Cholo Adhar - চলো আঁধার","7316479843868","HUDHU2519861","RMITSL01","RMITSL01","Track","2653572.0000000000","6055839","612392","819897","669643","Snap","Claimed UGC","Bangladesh","1","0.0001108847","0.0000000000","75.0000000000","0.0000831635","100.0000000000","0.0000831635","",""
"2025-04","2025-02","RoyalMotion IT","Songket","Tumi Nei - তুমি নেই","Tumi Nei - তুমি নেই","7316479834224","HUDHU2519856","RMITSK01","RMITSK01","Track","2652456.0000000000","6053962","612392","819897","669643","YouTube Content ID","Subscription Streaming","Italy","1","0.0120221041","0.0000000000","75.0000000000","0.0090165781","100.0000000000","0.0090165781","",""
"2025-04","2025-02","RoyalMotion IT","Protikkha","Artonaad - আর্তনাদ","Artonaad - আর্তনাদ","198676813441","QZNWR2426793","RMITPK01","RMITPK01","Track","2643468.0000000000","6039354","612392","819897","669643","YouTube Music","Ad-Supported Streaming","India","1","0.0006599875","0.0000000000","75.0000000000","0.0004949906","100.0000000000","0.0004949906","",""
"2025-04","2025-02","RoyalMotion IT","Songket","Tumi Nei - তুমি নেই","Tumi Nei - তুমি নেই","7316479834224","HUDHU2519856","RMITSK01","RMITSK01","Track","2652456.0000000000","6053962","612392","819897","669643","YouTube Content ID","Ad-Supported Streaming","Singapore","1","0.0002533000","0.0000000000","75.0000000000","0.0001899750","100.0000000000","0.0001899750","",""
"2025-04","2025-02","RoyalMotion IT","Obsedian Rifts","Bishad Rupantor - বিষাদ রুপান্তর","Bishad Rupantor - বিষাদ রুপান্তর","7316479968943","HUDHU2519932","RMITOR01","RMITOR01","Track","2676115.0000000000","6103462","612392","819897","669643","YouTube Music","Subscription Streaming","India","1","0.0006470879","0.0000000000","75.0000000000","0.0004853159","100.0000000000","0.0004853159","",""
"2025-04","2025-02","RoyalMotion IT","Dorshon","Priyo Bhul - প্রিয় ভুল","Priyo Bhul - প্রিয় ভুল","7316479786929","HUDHU2519799","RMITDS04","RMITDS04","Track","2644531.0000000000","6040966","612392","819897","669643","YouTube Content ID","Ad-Supported Streaming","Netherlands","2","0.0003421250","0.0000000000","75.0000000000","0.0002565937","100.0000000000","0.0002565937","",""
"2025-04","2025-02","RoyalMotion IT","Songket","Tumi Nei - তুমি নেই","Tumi Nei - তুমি নেই","7316479834224","HUDHU2519856","RMITSK01","RMITSK01","Track","2652456.0000000000","6053962","612392","819897","669643","YouTube Content ID","Ad-Supported Streaming","Cyprus","1","0.0000833000","0.0000000000","75.0000000000","0.0000624750","100.0000000000","0.0000624750","",""
"2025-04","2025-02","RoyalMotion IT","Dorshon","Priyo Bhul - প্রিয় ভুল","Priyo Bhul - প্রিয় ভুল","7316479786929","HUDHU2519799","RMITDS04","RMITDS04","Track","2644531.0000000000","6040966","612392","819897","669643","YouTube Music","Ad-Supported Streaming","Bangladesh","22","0.0010312825","0.0000000000","75.0000000000","0.0007734619","100.0000000000","0.0007734619","",""
"2025-04","2025-02","RoyalMotion IT","Obsedian Rifts","Bishad Rupantor - বিষাদ রুপান্তর","Bishad Rupantor - বিষাদ রুপান্তর","7316479968943","HUDHU2519932","RMITOR01","RMITOR01","Track","2676115.0000000000","6103462","612392","819897","669643","YouTube Music","Ad-Supported Streaming","United Kingdom","3","0.0824757981","0.0000000000","75.0000000000","0.0618568486","100.0000000000","0.0618568486","",""
"2025-04","2025-02","RoyalMotion IT","Dorshon","Priyo Bhul - প্রিয় ভুল","Priyo Bhul - প্রিয় ভুল","7316479786929","HUDHU2519799","RMITDS04","RMITDS04","Track","2644531.0000000000","6040966","612392","819897","669643","YouTube Content ID","Subscription Streaming","India","1","0.0013191751","0.0000000000","75.0000000000","0.0009893813","100.0000000000","0.0009893813","",""
"2025-04","2025-02","RoyalMotion IT","Dorshon","Priyo Bhul - প্রিয় ভুল","Priyo Bhul - প্রিয় ভুল","7316479786929","HUDHU2519799","RMITDS04","RMITDS04","Track","2644531.0000000000","6040966","612392","819897","669643","YouTube Content ID","Subscription Streaming","India","1","0.0005946213","0.0000000000","75.0000000000","0.0004459660","100.0000000000","0.0004459660","",""
"2025-04","2025-02","RoyalMotion IT","Songket","Tumi Nei - তুমি নেই","Tumi Nei - তুমি নেই","7316479834224","HUDHU2519856","RMITSK01","RMITSK01","Track","2652456.0000000000","6053962","612392","819897","669643","YouTube Content ID","Ad-Supported Streaming","India","6","0.0000918000","0.0000000000","75.0000000000","0.0000688500","100.0000000000","0.0000688500","",""
"2025-04","2025-02","RoyalMotion IT","Obsedian Rifts","Bishad Rupantor - বিষাদ রুপান্তর","Bishad Rupantor - বিষাদ রুপান্তর","7316479968943","HUDHU2519932","RMITOR01","RMITOR01","Track","2676115.0000000000","6103462","612392","819897","669643","YouTube Music","Ad-Supported Streaming","Italy","13","0.0098239163","0.0000000000","75.0000000000","0.0073679372","100.0000000000","0.0073679372","",""
"2025-04","2025-02","RoyalMotion IT","Songket","Tumi Nei - তুমি নেই","Tumi Nei - তুমি নেই","7316479834224","HUDHU2519856","RMITSK01","RMITSK01","Track","2652456.0000000000","6053962","612392","819897","669643","YouTube Content ID","Ad-Supported Streaming","South Africa","2","0.0001440750","0.0000000000","75.0000000000","0.0001080562","100.0000000000","0.0001080562","",""
"2025-04","2025-02","RoyalMotion IT","Songket","Tumi Nei - তুমি নেই","Tumi Nei - তুমি নেই","7316479834224","HUDHU2519856","RMITSK01","RMITSK01","Track","2652456.0000000000","6053962","612392","819897","669643","YouTube Music","Ad-Supported Streaming","Bangladesh","12","0.0003916912","0.0000000000","75.0000000000","0.0002937684","100.0000000000","0.0002937684","",""
"2025-04","2025-02","RoyalMotion IT","Protikkha","Artonaad - আর্তনাদ","Artonaad - আর্তনাদ","198676813441","QZNWR2426793","RMITPK01","RMITPK01","Track","2643468.0000000000","6039354","612392","819897","669643","YouTube Music","Ad-Supported Streaming","United Kingdom","2","0.0075645344","0.0000000000","75.0000000000","0.0056734008","100.0000000000","0.0056734008","",""
"2025-04","2025-02","RoyalMotion IT","Protikkha","Artonaad - আর্তনাদ","Artonaad - আর্তনাদ","198676813441","QZNWR2426793","RMITPK01","RMITPK01","Track","2643468.0000000000","6039354","612392","819897","669643","YouTube Content ID","Ad-Supported Streaming","Bangladesh","7","0.0002023000","0.0000000000","75.0000000000","0.0001517250","100.0000000000","0.0001517250","",""
"2025-04","2025-02","RoyalMotion IT","Songket","Tumi Nei - তুমি নেই","Tumi Nei - তুমি নেই","7316479834224","HUDHU2519856","RMITSK01","RMITSK01","Track","2652456.0000000000","6053962","612392","819897","669643","YouTube Content ID","Ad-Supported Streaming","India","3","0.0000641750","0.0000000000","75.0000000000","0.0000481312","100.0000000000","0.0000481312","",""
"2025-04","2025-01","RoyalMotion IT","Atik S","Vedu Dey - ভেডু দেয়","Vedu Dey - ভেডু দেয়","7316479753358","HUDHU2519759","RMITAS01","RMITAS01","Track","2639664.0000000000","6032807","612392","819897","669643","Amazon Music Ad Supported","Ad-Supported Streaming","United States","5","0.0087875000","0.0000000000","75.0000000000","0.0065906250","100.0000000000","0.0065906250","",""
"2025-04","2025-02","RoyalMotion IT","Obsedian Rifts","Bishad Rupantor - বিষাদ রুপান্তর","Bishad Rupantor - বিষাদ রুপান্তর","7316479968943","HUDHU2519932","RMITOR01","RMITOR01","Track","2676115.0000000000","6103462","612392","819897","669643","YouTube Music","Ad-Supported Streaming","United Arab Emirates","31","0.0061201469","0.0000000000","75.0000000000","0.0045901102","100.0000000000","0.0045901102","",""
"2025-04","2025-02","RoyalMotion IT","Dorshon","Priyo Bhul - প্রিয় ভুল","Priyo Bhul - প্রিয় ভুল","7316479786929","HUDHU2519799","RMITDS04","RMITDS04","Track","2644531.0000000000","6040966","612392","819897","669643","YouTube Content ID","Ad-Supported Streaming","Singapore","3","0.0011071250","0.0000000000","75.0000000000","0.0008303438","100.0000000000","0.0008303438","",""
"2025-04","2025-02","RoyalMotion IT","Dorshon","Priyo Bhul - প্রিয় ভুল","Priyo Bhul - প্রিয় ভুল","7316479786929","HUDHU2519799","RMITDS04","RMITDS04","Track","2644531.0000000000","6040966","612392","819897","669643","YouTube Content ID","Ad-Supported Streaming","Bangladesh","1822","0.0564476500","0.0000000000","75.0000000000","0.0423357375","100.0000000000","0.0423357375","",""
"2025-04","2025-02","RoyalMotion IT","Obsedian Rifts","Bishad Rupantor - বিষাদ রুপান্তর","Bishad Rupantor - বিষাদ রুপান্তর","7316479968943","HUDHU2519932","RMITOR01","RMITOR01","Track","2676115.0000000000","6103462","612392","819897","669643","YouTube Content ID","Ad-Supported Streaming","Bangladesh","283","0.0014173750","0.0000000000","75.0000000000","0.0010630312","100.0000000000","0.0010630312","",""
"2025-04","2025-02","RoyalMotion IT","Protikkha","Artonaad - আর্তনাদ","Artonaad - আর্তনাদ","198676813441","QZNWR2426793","RMITPK01","RMITPK01","Track","2643468.0000000000","6039354","612392","819897","669643","YouTube Music","Ad-Supported Streaming","Singapore","2","0.0018681762","0.0000000000","75.0000000000","0.0014011322","100.0000000000","0.0014011322","",""
"2025-04","2025-02","RoyalMotion IT","Dorshon","Priyo Bhul - প্রিয় ভুল","Priyo Bhul - প্রিয় ভুল","7316479786929","HUDHU2519799","RMITDS04","RMITDS04","Track","2644531.0000000000","6040966","612392","819897","669643","YouTube Music","Ad-Supported Streaming","India","12","0.0009579069","0.0000000000","75.0000000000","0.0007184302","100.0000000000","0.0007184302","",""
"2025-04","2025-02","RoyalMotion IT","Dorshon","Priyo Bhul - প্রিয় ভুল","Priyo Bhul - প্রিয় ভুল","7316479786929","HUDHU2519799","RMITDS04","RMITDS04","Track","2644531.0000000000","6040966","612392","819897","669643","YouTube Content ID","Ad-Supported Streaming","Qatar","4","0.0000990250","0.0000000000","75.0000000000","0.0000742687","100.0000000000","0.0000742687","",""
"2025-04","2025-02","RoyalMotion IT","Protikkha","Artonaad - আর্তনাদ","Artonaad - আর্তনাদ","198676813441","QZNWR2426793","RMITPK01","RMITPK01","Track","2643468.0000000000","6039354","612392","819897","669643","YouTube Music","Ad-Supported Streaming","Netherlands","2","0.0035992675","0.0000000000","75.0000000000","0.0026994506","100.0000000000","0.0026994506","",""
"2025-04","2025-02","RoyalMotion IT","Songket","Tumi Nei - তুমি নেই","Tumi Nei - তুমি নেই","7316479834224","HUDHU2519856","RMITSK01","RMITSK01","Track","2652456.0000000000","6053962","612392","819897","669643","YouTube Content ID","Ad-Supported Streaming","Japan","1","0.0004853500","0.0000000000","75.0000000000","0.0003640125","100.0000000000","0.0003640125","",""
"2025-04","2025-02","RoyalMotion IT","Obsedian Rifts","Bishad Rupantor - বিষাদ রুপান্তর","Bishad Rupantor - বিষাদ রুপান্তর","7316479968943","HUDHU2519932","RMITOR01","RMITOR01","Track","2676115.0000000000","6103462","612392","819897","669643","YouTube Music","Ad-Supported Streaming","South Korea","1","0.0049003031","0.0000000000","75.0000000000","0.0036752273","100.0000000000","0.0036752273","",""
"2025-04","2025-02","RoyalMotion IT","Obsedian Rifts","Bishad Rupantor - বিষাদ রুপান্তর","Bishad Rupantor - বিষাদ রুপান্তর","7316479968943","HUDHU2519932","RMITOR01","RMITOR01","Track","2676115.0000000000","6103462","612392","819897","669643","YouTube Music","Ad-Supported Streaming","United States","6","0.0221570106","0.0000000000","75.0000000000","0.0166177579","100.0000000000","0.0166177579","",""
"2025-04","2025-02","RoyalMotion IT","Dorshon","Priyo Bhul - প্রিয় ভুল","Priyo Bhul - প্রিয় ভুল","7316479786929","HUDHU2519799","RMITDS04","RMITDS04","Track","2644531.0000000000","6040966","612392","819897","669643","YouTube Music","Subscription Streaming","India","1","0.0014355729","0.0000000000","75.0000000000","0.0010766797","100.0000000000","0.0010766797","",""
"2025-04","2025-02","RoyalMotion IT","Protikkha","Artonaad - আর্তনাদ","Artonaad - আর্তনাদ","198676813441","QZNWR2426793","RMITPK01","RMITPK01","Track","2643468.0000000000","6039354","612392","819897","669643","YouTube Music","Ad-Supported Streaming","Qatar","2","0.0019799625","0.0000000000","75.0000000000","0.0014849719","100.0000000000","0.0014849719","",""
"2025-04","2025-02","RoyalMotion IT","Obsedian Rifts","Bishad Rupantor - বিষাদ রুপান্তর","Bishad Rupantor - বিষাদ রুপান্তর","7316479968943","HUDHU2519932","RMITOR01","RMITOR01","Track","2676115.0000000000","6103462","612392","819897","669643","YouTube Content ID","Ad-Supported Streaming","United Arab Emirates","1","0.0004887500","0.0000000000","75.0000000000","0.0003665625","100.0000000000","0.0003665625","",""
"2025-04","2025-02","RoyalMotion IT","Songket","Tumi Nei - তুমি নেই","Tumi Nei - তুমি নেই","7316479834224","HUDHU2519856","RMITSK01","RMITSK01","Track","2652456.0000000000","6053962","612392","819897","669643","YouTube Content ID","Ad-Supported Streaming","India","21","0.0004058750","0.0000000000","75.0000000000","0.0003044062","100.0000000000","0.0003044062","",""
"2025-04","2025-02","RoyalMotion IT","Dorshon","Priyo Bhul - প্রিয় ভুল","Priyo Bhul - প্রিয় ভুল","7316479786929","HUDHU2519799","RMITDS04","RMITDS04","Track","2644531.0000000000","6040966","612392","819897","669643","YouTube Music","Ad-Supported Streaming","India","10","0.0005802987","0.0000000000","75.0000000000","0.0004352240","100.0000000000","0.0004352240","",""
"2025-04","2025-02","RoyalMotion IT","Protikkha","Artonaad - আর্তনাদ","Artonaad - আর্তনাদ","198676813441","QZNWR2426793","RMITPK01","RMITPK01","Track","2643468.0000000000","6039354","612392","819897","669643","YouTube Music","Subscription Streaming","Australia","1","0.0020595759","0.0000000000","75.0000000000","0.0015446819","100.0000000000","0.0015446819","",""
"2025-04","2025-02","RoyalMotion IT","Obsedian Rifts","Bishad Rupantor - বিষাদ রুপান্তর","Bishad Rupantor - বিষাদ রুপান্তর","7316479968943","HUDHU2519932","RMITOR01","RMITOR01","Track","2676115.0000000000","6103462","612392","819897","669643","YouTube Music","Ad-Supported Streaming","Malaysia","3","0.0015051369","0.0000000000","75.0000000000","0.0011288527","100.0000000000","0.0011288527","",""
"2025-04","2025-02","RoyalMotion IT","Dorshon","Priyo Bhul - প্রিয় ভুল","Priyo Bhul - প্রিয় ভুল","7316479786929","HUDHU2519799","RMITDS04","RMITDS04","Track","2644531.0000000000","6040966","612392","819897","669643","YouTube Content ID","Ad-Supported Streaming","Saudi Arabia","27","0.0178963250","0.0000000000","75.0000000000","0.0134222437","100.0000000000","0.0134222437","",""
"2025-04","2025-02","RoyalMotion IT","Obsedian Rifts","Bishad Rupantor - বিষাদ রুপান্তর","Bishad Rupantor - বিষাদ রুপান্তর","7316479968943","HUDHU2519932","RMITOR01","RMITOR01","Track","2676115.0000000000","6103462","612392","819897","669643","YouTube Music","Ad-Supported Streaming","Greece","1","0.0001579669","0.0000000000","75.0000000000","0.0001184752","100.0000000000","0.0001184752","",""
"2025-04","2025-02","RoyalMotion IT","Songket","Tumi Nei - তুমি নেই","Tumi Nei - তুমি নেই","7316479834224","HUDHU2519856","RMITSK01","RMITSK01","Track","2652456.0000000000","6053962","612392","819897","669643","YouTube Content ID","Ad-Supported Streaming","France","1","0.0003973750","0.0000000000","75.0000000000","0.0002980313","100.0000000000","0.0002980313","",""
"2025-04","2025-02","RoyalMotion IT","Obsedian Rifts","Bishad Rupantor - বিষাদ রুপান্তর","Bishad Rupantor - বিষাদ রুপান্তর","7316479968943","HUDHU2519932","RMITOR01","RMITOR01","Track","2676115.0000000000","6103462","612392","819897","669643","YouTube Music","Ad-Supported Streaming","Bangladesh","2237","0.1255855156","0.0000000000","75.0000000000","0.0941891367","100.0000000000","0.0941891367","",""
"2025-04","2025-02","RoyalMotion IT","Songket","Tumi Nei - তুমি নেই","Tumi Nei - তুমি নেই","7316479834224","HUDHU2519856","RMITSK01","RMITSK01","Track","2652456.0000000000","6053962","612392","819897","669643","YouTube Music","Subscription Streaming","Nigeria","1","0.0002116326","0.0000000000","75.0000000000","0.0001587244","100.0000000000","0.0001587244","",""
"2025-04","2025-02","RoyalMotion IT","Obsedian Rifts","Bishad Rupantor - বিষাদ রুপান্তর","Bishad Rupantor - বিষাদ রুপান্তর","7316479968943","HUDHU2519932","RMITOR01","RMITOR01","Track","2676115.0000000000","6103462","612392","819897","669643","YouTube Content ID","Ad-Supported Streaming","Malaysia","2","0.0000722500","0.0000000000","75.0000000000","0.0000541875","100.0000000000","0.0000541875","",""
"2025-04","2025-02","RoyalMotion IT","Dorshon","Priyo Bhul - প্রিয় ভুল","Priyo Bhul - প্রিয় ভুল","7316479786929","HUDHU2519799","RMITDS04","RMITDS04","Track","2644531.0000000000","6040966","612392","819897","669643","YouTube Content ID","Subscription Streaming","India","1","0.0005946213","0.0000000000","75.0000000000","0.0004459660","100.0000000000","0.0004459660","",""
"2025-04","2025-02","RoyalMotion IT","Songket","Tumi Nei - তুমি নেই","Tumi Nei - তুমি নেই","7316479834224","HUDHU2519856","RMITSK01","RMITSK01","Track","2652456.0000000000","6053962","612392","819897","669643","YouTube Content ID","Ad-Supported Streaming","Saudi Arabia","7","0.0000646000","0.0000000000","75.0000000000","0.0000484500","100.0000000000","0.0000484500","",""
"2025-04","2025-02","RoyalMotion IT","Songket","Tumi Nei - তুমি নেই","Tumi Nei - তুমি নেই","7316479834224","HUDHU2519856","RMITSK01","RMITSK01","Track","2652456.0000000000","6053962","612392","819897","669643","YouTube Content ID","Ad-Supported Streaming","Malaysia","5","0.0001139000","0.0000000000","75.0000000000","0.0000854250","100.0000000000","0.0000854250","",""
"2025-04","2025-02","RoyalMotion IT","Songket","Tumi Nei - তুমি নেই","Tumi Nei - তুমি নেই","7316479834224","HUDHU2519856","RMITSK01","RMITSK01","Track","2652456.0000000000","6053962","612392","819897","669643","YouTube Content ID","Ad-Supported Streaming","South Africa","1","0.0001989000","0.0000000000","75.0000000000","0.0001491750","100.0000000000","0.0001491750","",""
"2025-04","2025-02","RoyalMotion IT","Songket","Tumi Nei - তুমি নেই","Tumi Nei - তুমি নেই","7316479834224","HUDHU2519856","RMITSK01","RMITSK01","Track","2652456.0000000000","6053962","612392","819897","669643","YouTube Content ID","Ad-Supported Streaming","France","2","0.0049397750","0.0000000000","75.0000000000","0.0037048313","100.0000000000","0.0037048313","",""
"2025-04","2025-02","RoyalMotion IT","Protikkha","Artonaad - আর্তনাদ","Artonaad - আর্তনাদ","198676813441","QZNWR2426793","RMITPK01","RMITPK01","Track","2643468.0000000000","6039354","612392","819897","669643","YouTube Music","Subscription Streaming","Bangladesh","1","0.0011425100","0.0000000000","75.0000000000","0.0008568825","100.0000000000","0.0008568825","",""
"2025-04","2025-02","RoyalMotion IT","Protikkha","Artonaad - আর্তনাদ","Artonaad - আর্তনাদ","198676813441","QZNWR2426793","RMITPK01","RMITPK01","Track","2643468.0000000000","6039354","612392","819897","669643","YouTube Music","Ad-Supported Streaming","United Kingdom","1","0.0023808806","0.0000000000","75.0000000000","0.0017856605","100.0000000000","0.0017856605","",""
"2025-04","2025-02","RoyalMotion IT","Obsedian Rifts","Bishad Rupantor - বিষাদ রুপান্তর","Bishad Rupantor - বিষাদ রুপান্তর","7316479968943","HUDHU2519932","RMITOR01","RMITOR01","Track","2676115.0000000000","6103462","612392","819897","669643","YouTube Music","Ad-Supported Streaming","United Arab Emirates","35","0.0606210775","0.0000000000","75.0000000000","0.0454658081","100.0000000000","0.0454658081","",""
"2025-04","2025-02","RoyalMotion IT","Dorshon","Priyo Bhul - প্রিয় ভুল","Priyo Bhul - প্রিয় ভুল","7316479786929","HUDHU2519799","RMITDS04","RMITDS04","Track","2644531.0000000000","6040966","612392","819897","669643","YouTube Content ID","Ad-Supported Streaming","South Africa","2","0.0012546000","0.0000000000","75.0000000000","0.0009409500","100.0000000000","0.0009409500","",""
"2025-04","2025-02","RoyalMotion IT","Dorshon","Priyo Bhul - প্রিয় ভুল","Priyo Bhul - প্রিয় ভুল","7316479786929","HUDHU2519799","RMITDS04","RMITDS04","Track","2644531.0000000000","6040966","612392","819897","669643","YouTube Music","Ad-Supported Streaming","Canada","1","0.0003528412","0.0000000000","75.0000000000","0.0002646309","100.0000000000","0.0002646309","",""
"2025-04","2025-02","RoyalMotion IT","Salehin I Apon","Icarus Er Dana","Icarus Er Dana","7316479983168","HUDHU2519985","RMITSIA01","RMITSIA01","Track","2677767.0000000000","6105967","612392","819897","669643","YouTube Music","Subscription Streaming","Canada","3","0.0127380824","0.0000000000","75.0000000000","0.0095535618","100.0000000000","0.0095535618","",""
"2025-04","2025-02","RoyalMotion IT","Dorshon","Priyo Bhul - প্রিয় ভুল","Priyo Bhul - প্রিয় ভুল","7316479786929","HUDHU2519799","RMITDS04","RMITDS04","Track","2644531.0000000000","6040966","612392","819897","669643","YouTube Music","Subscription Streaming","Bangladesh","1","0.0011425100","0.0000000000","75.0000000000","0.0008568825","100.0000000000","0.0008568825","",""
"2025-04","2025-02","RoyalMotion IT","Obsedian Rifts","Bishad Rupantor - বিষাদ রুপান্তর","Bishad Rupantor - বিষাদ রুপান্তর","7316479968943","HUDHU2519932","RMITOR01","RMITOR01","Track","2676115.0000000000","6103462","612392","819897","669643","YouTube Music","Ad-Supported Streaming","United Kingdom","2","0.0001389812","0.0000000000","75.0000000000","0.0001042359","100.0000000000","0.0001042359","",""
"2025-04","2025-02","RoyalMotion IT","Dorshon","Priyo Bhul - প্রিয় ভুল","Priyo Bhul - প্রিয় ভুল","7316479786929","HUDHU2519799","RMITDS04","RMITDS04","Track","2644531.0000000000","6040966","612392","819897","669643","YouTube Content ID","Ad-Supported Streaming","United Kingdom","5","0.0005622750","0.0000000000","75.0000000000","0.0004217062","100.0000000000","0.0004217062","",""
"2025-04","2025-02","RoyalMotion IT","Obsedian Rifts","Bishad Rupantor - বিষাদ রুপান্তর","Bishad Rupantor - বিষাদ রুপান্তর","7316479968943","HUDHU2519932","RMITOR01","RMITOR01","Track","2676115.0000000000","6103462","612392","819897","669643","YouTube Content ID","Ad-Supported Streaming","Singapore","1","0.0005185000","0.0000000000","75.0000000000","0.0003888750","100.0000000000","0.0003888750","",""
"2025-04","2025-02","RoyalMotion IT","Obsedian Rifts","Bishad Rupantor - বিষাদ রুপান্তর","Bishad Rupantor - বিষাদ রুপান্তর","7316479968943","HUDHU2519932","RMITOR01","RMITOR01","Track","2676115.0000000000","6103462","612392","819897","669643","YouTube Content ID","Ad-Supported Streaming","Nepal","1","0.0000505750","0.0000000000","75.0000000000","0.0000379313","100.0000000000","0.0000379313","",""
"2025-04","2025-02","RoyalMotion IT","Songket","Tumi Nei - তুমি নেই","Tumi Nei - তুমি নেই","7316479834224","HUDHU2519856","RMITSK01","RMITSK01","Track","2652456.0000000000","6053962","612392","819897","669643","YouTube Music","Ad-Supported Streaming","United States","1","0.0002609656","0.0000000000","75.0000000000","0.0001957242","100.0000000000","0.0001957242","",""
"2025-04","2025-02","RoyalMotion IT","Obsedian Rifts","Bishad Rupantor - বিষাদ রুপান্তর","Bishad Rupantor - বিষাদ রুপান্তর","7316479968943","HUDHU2519932","RMITOR01","RMITOR01","Track","2676115.0000000000","6103462","612392","819897","669643","YouTube Music","Ad-Supported Streaming","Australia","1","0.0033776838","0.0000000000","75.0000000000","0.0025332628","100.0000000000","0.0025332628","",""
"2025-04","2025-02","RoyalMotion IT","Obsedian Rifts","Bishad Rupantor - বিষাদ রুপান্তর","Bishad Rupantor - বিষাদ রুপান্তর","7316479968943","HUDHU2519932","RMITOR01","RMITOR01","Track","2676115.0000000000","6103462","612392","819897","669643","YouTube Music","Ad-Supported Streaming","United Arab Emirates","21","0.0203694944","0.0000000000","75.0000000000","0.0152771208","100.0000000000","0.0152771208","",""
"2025-04","2025-02","RoyalMotion IT","Dorshon","Priyo Bhul - প্রিয় ভুল","Priyo Bhul - প্রিয় ভুল","7316479786929","HUDHU2519799","RMITDS04","RMITDS04","Track","2644531.0000000000","6040966","612392","819897","669643","YouTube Content ID","Ad-Supported Streaming","Netherlands","1","0.0002048500","0.0000000000","75.0000000000","0.0001536375","100.0000000000","0.0001536375","",""
"2025-04","2025-02","RoyalMotion IT","Songket","Tumi Nei - তুমি নেই","Tumi Nei - তুমি নেই","7316479834224","HUDHU2519856","RMITSK01","RMITSK01","Track","2652456.0000000000","6053962","612392","819897","669643","YouTube Music","Ad-Supported Streaming","Bangladesh","6","0.0002065294","0.0000000000","75.0000000000","0.0001548970","100.0000000000","0.0001548970","",""
"2025-04","2025-02","RoyalMotion IT","Obsedian Rifts","Bishad Rupantor - বিষাদ রুপান্তর","Bishad Rupantor - বিষাদ রুপান্তর","7316479968943","HUDHU2519932","RMITOR01","RMITOR01","Track","2676115.0000000000","6103462","612392","819897","669643","YouTube Music","Ad-Supported Streaming","India","389","0.0436068819","0.0000000000","75.0000000000","0.0327051614","100.0000000000","0.0327051614","",""
"2025-04","2025-02","RoyalMotion IT","Dorshon","Priyo Bhul - প্রিয় ভুল","Priyo Bhul - প্রিয় ভুল","7316479786929","HUDHU2519799","RMITDS04","RMITDS04","Track","2644531.0000000000","6040966","612392","819897","669643","YouTube Content ID","Subscription Streaming","India","3","0.0032338215","0.0000000000","75.0000000000","0.0024253661","100.0000000000","0.0024253661","",""
"2025-04","2025-02","RoyalMotion IT","Songket","Tumi Nei - তুমি নেই","Tumi Nei - তুমি নেই","7316479834224","HUDHU2519856","RMITSK01","RMITSK01","Track","2652456.0000000000","6053962","612392","819897","669643","YouTube Content ID","Ad-Supported Streaming","Saudi Arabia","24","0.0008954750","0.0000000000","75.0000000000","0.0006716063","100.0000000000","0.0006716063","",""
"2025-04","2025-02","RoyalMotion IT","Dorshon","Priyo Bhul - প্রিয় ভুল","Priyo Bhul - প্রিয় ভুল","7316479786929","HUDHU2519799","RMITDS04","RMITDS04","Track","2644531.0000000000","6040966","612392","819897","669643","YouTube Music","Ad-Supported Streaming","India","5","0.0017145800","0.0000000000","75.0000000000","0.0012859350","100.0000000000","0.0012859350","",""
"2025-04","2025-02","RoyalMotion IT","Songket","Tumi Nei - তুমি নেই","Tumi Nei - তুমি নেই","7316479834224","HUDHU2519856","RMITSK01","RMITSK01","Track","2652456.0000000000","6053962","612392","819897","669643","YouTube Content ID","Ad-Supported Streaming","United States","1","0.0004581500","0.0000000000","75.0000000000","0.0003436125","100.0000000000","0.0003436125","",""
"2025-04","2025-02","RoyalMotion IT","Songket","Tumi Nei - তুমি নেই","Tumi Nei - তুমি নেই","7316479834224","HUDHU2519856","RMITSK01","RMITSK01","Track","2652456.0000000000","6053962","612392","819897","669643","YouTube Content ID","Ad-Supported Streaming","India","9","0.0015920500","0.0000000000","75.0000000000","0.0011940375","100.0000000000","0.0011940375","",""
"2025-04","2025-02","RoyalMotion IT","Dorshon","Priyo Bhul - প্রিয় ভুল","Priyo Bhul - প্রিয় ভুল","7316479786929","HUDHU2519799","RMITDS04","RMITDS04","Track","2644531.0000000000","6040966","612392","819897","669643","YouTube Content ID","Ad-Supported Streaming","United Arab Emirates","5","0.0002235500","0.0000000000","75.0000000000","0.0001676625","100.0000000000","0.0001676625","",""
"2025-04","2025-02","RoyalMotion IT","Dorshon","Priyo Bhul - প্রিয় ভুল","Priyo Bhul - প্রিয় ভুল","7316479786929","HUDHU2519799","RMITDS04","RMITDS04","Track","2644531.0000000000","6040966","612392","819897","669643","YouTube Music","Ad-Supported Streaming","Italy","2","0.0014847406","0.0000000000","75.0000000000","0.0011135554","100.0000000000","0.0011135554","",""
"2025-04","2025-02","RoyalMotion IT","Shorov Shimanto","Semana 9100","Semana 9100","7316479863965","HUDHU2519870","RMITSS01","RMITSS01","Track","2656546.0000000000","6060653","612392","819897","669643","YouTube Music","Ad-Supported Streaming","Bangladesh","2","0.0002502819","0.0000000000","75.0000000000","0.0001877114","100.0000000000","0.0001877114","",""
"2025-04","2025-02","RoyalMotion IT","Songket","Tumi Nei - তুমি নেই","Tumi Nei - তুমি নেই","7316479834224","HUDHU2519856","RMITSK01","RMITSK01","Track","2652456.0000000000","6053962","612392","819897","669643","Snap","Claimed UGC","Bangladesh","98","0.0056955555","0.0000000000","75.0000000000","0.0042716666","100.0000000000","0.0042716666","",""
"2025-04","2025-02","RoyalMotion IT","Songket","Tumi Nei - তুমি নেই","Tumi Nei - তুমি নেই","7316479834224","HUDHU2519856","RMITSK01","RMITSK01","Track","2652456.0000000000","6053962","612392","819897","669643","YouTube Content ID","Ad-Supported Streaming","Saudi Arabia","4","0.0001806250","0.0000000000","75.0000000000","0.0001354688","100.0000000000","0.0001354688","",""
"2025-04","2025-02","RoyalMotion IT","Songket","Tumi Nei - তুমি নেই","Tumi Nei - তুমি নেই","7316479834224","HUDHU2519856","RMITSK01","RMITSK01","Track","2652456.0000000000","6053962","612392","819897","669643","YouTube Music","Ad-Supported Streaming","Bangladesh","23","0.0010716356","0.0000000000","75.0000000000","0.0008037267","100.0000000000","0.0008037267","",""
"2025-04","2025-02","RoyalMotion IT","Dorshon","Priyo Bhul - প্রিয় ভুল","Priyo Bhul - প্রিয় ভুল","7316479786929","HUDHU2519799","RMITDS04","RMITDS04","Track","2644531.0000000000","6040966","612392","819897","669643","YouTube Content ID","Ad-Supported Streaming","Japan","1","0.0023821250","0.0000000000","75.0000000000","0.0017865937","100.0000000000","0.0017865937","",""
"2025-04","2025-02","RoyalMotion IT","Protikkha","Artonaad - আর্তনাদ","Artonaad - আর্তনাদ","198676813441","QZNWR2426793","RMITPK01","RMITPK01","Track","2643468.0000000000","6039354","612392","819897","669643","YouTube Music","Ad-Supported Streaming","India","9","0.0011440400","0.0000000000","75.0000000000","0.0008580300","100.0000000000","0.0008580300","",""
"2025-04","2025-02","RoyalMotion IT","Songket","Tumi Nei - তুমি নেই","Tumi Nei - তুমি নেই","7316479834224","HUDHU2519856","RMITSK01","RMITSK01","Track","2652456.0000000000","6053962","612392","819897","669643","YouTube Content ID","Ad-Supported Streaming","Saudi Arabia","20","0.0030702000","0.0000000000","75.0000000000","0.0023026500","100.0000000000","0.0023026500","",""
"2025-04","2025-02","RoyalMotion IT","Dorshon","Priyo Bhul - প্রিয় ভুল","Priyo Bhul - প্রিয় ভুল","7316479786929","HUDHU2519799","RMITDS04","RMITDS04","Track","2644531.0000000000","6040966","612392","819897","669643","YouTube Music","Subscription Streaming","Bangladesh","1","0.0015753513","0.0000000000","75.0000000000","0.0011815135","100.0000000000","0.0011815135","",""
"2025-04","2025-02","RoyalMotion IT","Songket","Tumi Nei - তুমি নেই","Tumi Nei - তুমি নেই","7316479834224","HUDHU2519856","RMITSK01","RMITSK01","Track","2652456.0000000000","6053962","612392","819897","669643","YouTube Content ID","Ad-Supported Streaming","Bangladesh","457","0.0028785250","0.0000000000","75.0000000000","0.0021588937","100.0000000000","0.0021588937","",""
"2025-04","2025-02","RoyalMotion IT","Obsedian Rifts","Bishad Rupantor - বিষাদ রুপান্তর","Bishad Rupantor - বিষাদ রুপান্তর","7316479968943","HUDHU2519932","RMITOR01","RMITOR01","Track","2676115.0000000000","6103462","612392","819897","669643","YouTube Music","Ad-Supported Streaming","Qatar","8","0.0020110425","0.0000000000","75.0000000000","0.0015082819","100.0000000000","0.0015082819","",""
"2025-04","2025-02","RoyalMotion IT","Shorov Shimanto","Semana 9100","Semana 9100","7316479863965","HUDHU2519870","RMITSS01","RMITSS01","Track","2656546.0000000000","6060653","612392","819897","669643","YouTube Content ID","Ad-Supported Streaming","Bangladesh","4","0.0002490500","0.0000000000","75.0000000000","0.0001867875","100.0000000000","0.0001867875","",""
"2025-04","2025-02","RoyalMotion IT","Obsedian Rifts","Bishad Rupantor - বিষাদ রুপান্তর","Bishad Rupantor - বিষাদ রুপান্তর","7316479968943","HUDHU2519932","RMITOR01","RMITOR01","Track","2676115.0000000000","6103462","612392","819897","669643","YouTube Music","Ad-Supported Streaming","France","7","0.0020217263","0.0000000000","75.0000000000","0.0015162947","100.0000000000","0.0015162947","",""
"2025-04","2025-02","RoyalMotion IT","Dorshon","Priyo Bhul - প্রিয় ভুল","Priyo Bhul - প্রিয় ভুল","7316479786929","HUDHU2519799","RMITDS04","RMITDS04","Track","2644531.0000000000","6040966","612392","819897","669643","YouTube Content ID","Subscription Streaming","United States","3","0.0145295682","0.0000000000","75.0000000000","0.0108971762","100.0000000000","0.0108971762","",""
"2025-04","2025-02","RoyalMotion IT","Songket","Tumi Nei - তুমি নেই","Tumi Nei - তুমি নেই","7316479834224","HUDHU2519856","RMITSK01","RMITSK01","Track","2652456.0000000000","6053962","612392","819897","669643","Snap","Claimed UGC","United States","1","0.0002250967","0.0000000000","75.0000000000","0.0001688225","100.0000000000","0.0001688225","",""
"2025-04","2025-02","RoyalMotion IT","Obsedian Rifts","Bishad Rupantor - বিষাদ রুপান্তর","Bishad Rupantor - বিষাদ রুপান্তর","7316479968943","HUDHU2519932","RMITOR01","RMITOR01","Track","2676115.0000000000","6103462","612392","819897","669643","YouTube Music","Ad-Supported Streaming","Malaysia","37","0.0140724875","0.0000000000","75.0000000000","0.0105543656","100.0000000000","0.0105543656","",""
"2025-04","2025-02","RoyalMotion IT","Songket","Tumi Nei - তুমি নেই","Tumi Nei - তুমি নেই","7316479834224","HUDHU2519856","RMITSK01","RMITSK01","Track","2652456.0000000000","6053962","612392","819897","669643","YouTube Content ID","Ad-Supported Streaming","Canada","1","0.0033528250","0.0000000000","75.0000000000","0.0025146188","100.0000000000","0.0025146188","",""
"2025-04","2025-02","RoyalMotion IT","Songket","Tumi Nei - তুমি নেই","Tumi Nei - তুমি নেই","7316479834224","HUDHU2519856","RMITSK01","RMITSK01","Track","2652456.0000000000","6053962","612392","819897","669643","YouTube Content ID","Ad-Supported Streaming","Qatar","1","0.0000408000","0.0000000000","75.0000000000","0.0000306000","100.0000000000","0.0000306000","",""
"2025-04","2025-02","RoyalMotion IT","Salehin I Apon","Icarus Er Dana","Icarus Er Dana","7316479983168","HUDHU2519985","RMITSIA01","RMITSIA01","Track","2677767.0000000000","6105967","612392","819897","669643","YouTube Music","Ad-Supported Streaming","Bangladesh","4","0.0002250294","0.0000000000","75.0000000000","0.0001687720","100.0000000000","0.0001687720","",""
"2025-04","2025-02","RoyalMotion IT","Dorshon","Priyo Bhul - প্রিয় ভুল","Priyo Bhul - প্রিয় ভুল","7316479786929","HUDHU2519799","RMITDS04","RMITDS04","Track","2644531.0000000000","6040966","612392","819897","669643","YouTube Music","Ad-Supported Streaming","Portugal","1","0.0025154912","0.0000000000","75.0000000000","0.0018866184","100.0000000000","0.0018866184","",""
"2025-04","2025-02","RoyalMotion IT","Dorshon","Priyo Bhul - প্রিয় ভুল","Priyo Bhul - প্রিয় ভুল","7316479786929","HUDHU2519799","RMITDS04","RMITDS04","Track","2644531.0000000000","6040966","612392","819897","669643","YouTube Music","Ad-Supported Streaming","India","5","0.0011104856","0.0000000000","75.0000000000","0.0008328642","100.0000000000","0.0008328642","",""
"2025-04","2025-02","RoyalMotion IT","Protikkha","Artonaad - আর্তনাদ","Artonaad - আর্তনাদ","198676813441","QZNWR2426793","RMITPK01","RMITPK01","Track","2643468.0000000000","6039354","612392","819897","669643","YouTube Music","Ad-Supported Streaming","South Korea","2","0.0002604800","0.0000000000","75.0000000000","0.0001953600","100.0000000000","0.0001953600","",""
"2025-04","2025-02","RoyalMotion IT","Songket","Tumi Nei - তুমি নেই","Tumi Nei - তুমি নেই","7316479834224","HUDHU2519856","RMITSK01","RMITSK01","Track","2652456.0000000000","6053962","612392","819897","669643","YouTube Music","Ad-Supported Streaming","Bangladesh","6","0.0000801744","0.0000000000","75.0000000000","0.0000601308","100.0000000000","0.0000601308","",""
"2025-04","2025-02","RoyalMotion IT","Dorshon","Priyo Bhul - প্রিয় ভুল","Priyo Bhul - প্রিয় ভুল","7316479786929","HUDHU2519799","RMITDS04","RMITDS04","Track","2644531.0000000000","6040966","612392","819897","669643","YouTube Music","Ad-Supported Streaming","Bangladesh","8","0.0008864737","0.0000000000","75.0000000000","0.0006648553","100.0000000000","0.0006648553","",""
"2025-04","2025-02","RoyalMotion IT","Obsedian Rifts","Bishad Rupantor - বিষাদ রুপান্তর","Bishad Rupantor - বিষাদ রুপান্তর","7316479968943","HUDHU2519932","RMITOR01","RMITOR01","Track","2676115.0000000000","6103462","612392","819897","669643","YouTube Music","Ad-Supported Streaming","India","150","0.0178321500","0.0000000000","75.0000000000","0.0133741125","100.0000000000","0.0133741125","",""
"2025-04","2025-02","RoyalMotion IT","Obsedian Rifts","Bishad Rupantor - বিষাদ রুপান্তর","Bishad Rupantor - বিষাদ রুপান্তর","7316479968943","HUDHU2519932","RMITOR01","RMITOR01","Track","2676115.0000000000","6103462","612392","819897","669643","YouTube Music","Ad-Supported Streaming","Cambodia","4","0.0001759350","0.0000000000","75.0000000000","0.0001319513","100.0000000000","0.0001319513","",""
"2025-04","2025-02","RoyalMotion IT","Protikkha","Artonaad - আর্তনাদ","Artonaad - আর্তনাদ","198676813441","QZNWR2426793","RMITPK01","RMITPK01","Track","2643468.0000000000","6039354","612392","819897","669643","YouTube Music","Ad-Supported Streaming","Bangladesh","9","0.0001365531","0.0000000000","75.0000000000","0.0001024148","100.0000000000","0.0001024148","",""
"2025-04","2025-02","RoyalMotion IT","Dorshon","Priyo Bhul - প্রিয় ভুল","Priyo Bhul - প্রিয় ভুল","7316479786929","HUDHU2519799","RMITDS04","RMITDS04","Track","2644531.0000000000","6040966","612392","819897","669643","YouTube Content ID","Ad-Supported Streaming","Italy","9","0.0003944000","0.0000000000","75.0000000000","0.0002958000","100.0000000000","0.0002958000","",""
"2025-04","2025-02","RoyalMotion IT","Protikkha","Artonaad - আর্তনাদ","Artonaad - আর্তনাদ","198676813441","QZNWR2426793","RMITPK01","RMITPK01","Track","2643468.0000000000","6039354","612392","819897","669643","YouTube Music","Ad-Supported Streaming","Italy","5","0.0001550531","0.0000000000","75.0000000000","0.0001162898","100.0000000000","0.0001162898","",""
"2025-04","2025-02","RoyalMotion IT","Songket","Tumi Nei - তুমি নেই","Tumi Nei - তুমি নেই","7316479834224","HUDHU2519856","RMITSK01","RMITSK01","Track","2652456.0000000000","6053962","612392","819897","669643","YouTube Content ID","Ad-Supported Streaming","Malaysia","6","0.0016587750","0.0000000000","75.0000000000","0.0012440813","100.0000000000","0.0012440813","",""
"2025-04","2025-02","RoyalMotion IT","Dorshon","Priyo Bhul - প্রিয় ভুল","Priyo Bhul - প্রিয় ভুল","7316479786929","HUDHU2519799","RMITDS04","RMITDS04","Track","2644531.0000000000","6040966","612392","819897","669643","YouTube Content ID","Ad-Supported Streaming","Portugal","3","0.0001819000","0.0000000000","75.0000000000","0.0001364250","100.0000000000","0.0001364250","",""
"2025-04","2025-02","RoyalMotion IT","Dorshon","Priyo Bhul - প্রিয় ভুল","Priyo Bhul - প্রিয় ভুল","7316479786929","HUDHU2519799","RMITDS04","RMITDS04","Track","2644531.0000000000","6040966","612392","819897","669643","YouTube Content ID","Ad-Supported Streaming","Australia","1","0.0011462250","0.0000000000","75.0000000000","0.0008596687","100.0000000000","0.0008596687","",""
"2025-04","2025-02","RoyalMotion IT","Dorshon","Priyo Bhul - প্রিয় ভুল","Priyo Bhul - প্রিয় ভুল","7316479786929","HUDHU2519799","RMITDS04","RMITDS04","Track","2644531.0000000000","6040966","612392","819897","669643","YouTube Content ID","Ad-Supported Streaming","India","65","0.0054272500","0.0000000000","75.0000000000","0.0040704375","100.0000000000","0.0040704375","",""
"2025-04","2025-02","RoyalMotion IT","Songket","Tumi Nei - তুমি নেই","Tumi Nei - তুমি নেই","7316479834224","HUDHU2519856","RMITSK01","RMITSK01","Track","2652456.0000000000","6053962","612392","819897","669643","YouTube Content ID","Ad-Supported Streaming","Saudi Arabia","2","0.0000748000","0.0000000000","75.0000000000","0.0000561000","100.0000000000","0.0000561000","",""
"2025-04","2025-02","RoyalMotion IT","Obsedian Rifts","Bishad Rupantor - বিষাদ রুপান্তর","Bishad Rupantor - বিষাদ রুপান্তর","7316479968943","HUDHU2519932","RMITOR01","RMITOR01","Track","2676115.0000000000","6103462","612392","819897","669643","YouTube Content ID","Ad-Supported Streaming","United States","3","0.0030455500","0.0000000000","75.0000000000","0.0022841625","100.0000000000","0.0022841625","",""
"2025-04","2025-02","RoyalMotion IT","Obsedian Rifts","Bishad Rupantor - বিষাদ রুপান্তর","Bishad Rupantor - বিষাদ রুপান্তর","7316479968943","HUDHU2519932","RMITOR01","RMITOR01","Track","2676115.0000000000","6103462","612392","819897","669643","YouTube Music","Ad-Supported Streaming","Saudi Arabia","193","0.0498650388","0.0000000000","75.0000000000","0.0373987791","100.0000000000","0.0373987791","",""
"2025-04","2025-02","RoyalMotion IT","Songket","Tumi Nei - তুমি নেই","Tumi Nei - তুমি নেই","7316479834224","HUDHU2519856","RMITSK01","RMITSK01","Track","2652456.0000000000","6053962","612392","819897","669643","YouTube Content ID","Ad-Supported Streaming","United Arab Emirates","7","0.0021721750","0.0000000000","75.0000000000","0.0016291313","100.0000000000","0.0016291313","",""
"2025-04","2025-02","RoyalMotion IT","Songket","Tumi Nei - তুমি নেই","Tumi Nei - তুমি নেই","7316479834224","HUDHU2519856","RMITSK01","RMITSK01","Track","2652456.0000000000","6053962","612392","819897","669643","YouTube Content ID","Ad-Supported Streaming","Oman","7","0.0013238750","0.0000000000","75.0000000000","0.0009929062","100.0000000000","0.0009929062","",""
"2025-04","2025-02","RoyalMotion IT","Dorshon","Priyo Bhul - প্রিয় ভুল","Priyo Bhul - প্রিয় ভুল","7316479786929","HUDHU2519799","RMITDS04","RMITDS04","Track","2644531.0000000000","6040966","612392","819897","669643","YouTube Content ID","Ad-Supported Streaming","United States","4","0.0009439250","0.0000000000","75.0000000000","0.0007079437","100.0000000000","0.0007079437","",""
"2025-04","2025-02","RoyalMotion IT","Songket","Tumi Nei - তুমি নেই","Tumi Nei - তুমি নেই","7316479834224","HUDHU2519856","RMITSK01","RMITSK01","Track","2652456.0000000000","6053962","612392","819897","669643","YouTube Music","Ad-Supported Streaming","Bangladesh","14","0.0035152081","0.0000000000","75.0000000000","0.0026364061","100.0000000000","0.0026364061","",""
"2025-04","2025-02","RoyalMotion IT","Dorshon","Priyo Bhul - প্রিয় ভুল","Priyo Bhul - প্রিয় ভুল","7316479786929","HUDHU2519799","RMITDS04","RMITDS04","Track","2644531.0000000000","6040966","612392","819897","669643","YouTube Content ID","Ad-Supported Streaming","Germany","1","0.0008687000","0.0000000000","75.0000000000","0.0006515250","100.0000000000","0.0006515250","",""
"2025-04","2025-02","RoyalMotion IT","Protikkha","Artonaad - আর্তনাদ","Artonaad - আর্তনাদ","198676813441","QZNWR2426793","RMITPK01","RMITPK01","Track","2643468.0000000000","6039354","612392","819897","669643","YouTube Music","Ad-Supported Streaming","Bangladesh","2","0.0001652513","0.0000000000","75.0000000000","0.0001239385","100.0000000000","0.0001239385","",""
"2025-04","2025-02","RoyalMotion IT","Sajjad Ahmmed","College Er Baranday","College Er Baranday","7316479974821","HUDHU2519948","RMITSA01","RMITSA01","Track","2676994.0000000000","6104681","612392","819897","669643","YouTube Music","Ad-Supported Streaming","Saudi Arabia","9","0.0017058387","0.0000000000","75.0000000000","0.0012793790","100.0000000000","0.0012793790","",""
"2025-04","2025-02","RoyalMotion IT","Dorshon","Priyo Bhul - প্রিয় ভুল","Priyo Bhul - প্রিয় ভুল","","HUDHU2519799","RMITDS04","RMITDS04","Track","2644531.0000000000","6040966","612392","819897","669643","Apple Music","Subscription Streaming","United States","2","0.0066442750","0.0000000000","75.0000000000","0.0049832062","100.0000000000","0.0049832062","",""
"2025-04","2025-02","RoyalMotion IT","Protikkha","Artonaad - আর্তনাদ","Artonaad - আর্তনাদ","198676813441","QZNWR2426793","RMITPK01","RMITPK01","Track","2643468.0000000000","6039354","612392","819897","669643","YouTube Music","Ad-Supported Streaming","Japan","1","0.0025373906","0.0000000000","75.0000000000","0.0019030429","100.0000000000","0.0019030429","",""
"2025-04","2025-02","RoyalMotion IT","Protikkha","Artonaad - আর্তনাদ","Artonaad - আর্তনাদ","198676813441","QZNWR2426793","RMITPK01","RMITPK01","Track","2643468.0000000000","6039354","612392","819897","669643","YouTube Music","Ad-Supported Streaming","India","1","0.0001637944","0.0000000000","75.0000000000","0.0001228458","100.0000000000","0.0001228458","",""
"2025-04","2025-02","RoyalMotion IT","Obsedian Rifts","Bishad Rupantor - বিষাদ রুপান্তর","Bishad Rupantor - বিষাদ রুপান্তর","7316479968943","HUDHU2519932","RMITOR01","RMITOR01","Track","2676115.0000000000","6103462","612392","819897","669643","YouTube Music","Ad-Supported Streaming","Germany","1","0.0001341250","0.0000000000","75.0000000000","0.0001005937","100.0000000000","0.0001005937","",""
"2025-04","2025-02","RoyalMotion IT","Songket","Tumi Nei - তুমি নেই","Tumi Nei - তুমি নেই","7316479834224","HUDHU2519856","RMITSK01","RMITSK01","Track","2652456.0000000000","6053962","612392","819897","669643","YouTube Content ID","Ad-Supported Streaming","Bangladesh","204","0.0005006500","0.0000000000","75.0000000000","0.0003754875","100.0000000000","0.0003754875","",""
"2025-04","2025-02","RoyalMotion IT","Obsedian Rifts","Bishad Rupantor - বিষাদ রুপান্তর","Bishad Rupantor - বিষাদ রুপান্তর","7316479968943","HUDHU2519932","RMITOR01","RMITOR01","Track","2676115.0000000000","6103462","612392","819897","669643","YouTube Music","Ad-Supported Streaming","Greece","2","0.0001176137","0.0000000000","75.0000000000","0.0000882103","100.0000000000","0.0000882103","",""
"2025-04","2025-02","RoyalMotion IT","Protikkha","Artonaad - আর্তনাদ","Artonaad - আর্তনাদ","198676813441","QZNWR2426793","RMITPK01","RMITPK01","Track","2643468.0000000000","6039354","612392","819897","669643","YouTube Music","Ad-Supported Streaming","United Kingdom","1","0.0012626250","0.0000000000","75.0000000000","0.0009469688","100.0000000000","0.0009469688","",""
"2025-04","2025-02","RoyalMotion IT","Salehin I Apon","Icarus Er Dana","Icarus Er Dana","7316479983168","HUDHU2519985","RMITSIA01","RMITSIA01","Track","2677767.0000000000","6105967","612392","819897","669643","YouTube Content ID","Ad-Supported Streaming","United Kingdom","1","0.0011164750","0.0000000000","75.0000000000","0.0008373563","100.0000000000","0.0008373563","",""
"2025-04","2025-02","RoyalMotion IT","Dorshon","Priyo Bhul - প্রিয় ভুল","Priyo Bhul - প্রিয় ভুল","7316479786929","HUDHU2519799","RMITDS04","RMITDS04","Track","2644531.0000000000","6040966","612392","819897","669643","YouTube Content ID","Ad-Supported Streaming","Netherlands","1","0.0001364250","0.0000000000","75.0000000000","0.0001023187","100.0000000000","0.0001023187","",""
"2025-04","2025-02","RoyalMotion IT","Songket","Tumi Nei - তুমি নেই","Tumi Nei - তুমি নেই","7316479834224","HUDHU2519856","RMITSK01","RMITSK01","Track","2652456.0000000000","6053962","612392","819897","669643","YouTube Music","Ad-Supported Streaming","Bangladesh","5","0.0001827338","0.0000000000","75.0000000000","0.0001370504","100.0000000000","0.0001370504","",""
"2025-04","2025-02","RoyalMotion IT","Obsedian Rifts","Bishad Rupantor - বিষাদ রুপান্তর","Bishad Rupantor - বিষাদ রুপান্তর","7316479968943","HUDHU2519932","RMITOR01","RMITOR01","Track","2676115.0000000000","6103462","612392","819897","669643","YouTube Music","Ad-Supported Streaming","Germany","1","0.0030860775","0.0000000000","75.0000000000","0.0023145581","100.0000000000","0.0023145581","",""
"2025-04","2025-02","RoyalMotion IT","Shorov Shimanto","Semana 9100","Semana 9100","7316479863965","HUDHU2519870","RMITSS01","RMITSS01","Track","2656546.0000000000","6060653","612392","819897","669643","YouTube Content ID","Ad-Supported Streaming","Bangladesh","16","0.0008793250","0.0000000000","75.0000000000","0.0006594938","100.0000000000","0.0006594938","",""
"2025-04","2025-02","RoyalMotion IT","Songket","Tumi Nei - তুমি নেই","Tumi Nei - তুমি নেই","7316479834224","HUDHU2519856","RMITSK01","RMITSK01","Track","2652456.0000000000","6053962","612392","819897","669643","YouTube Content ID","Ad-Supported Streaming","Italy","3","0.0061306250","0.0000000000","75.0000000000","0.0045979687","100.0000000000","0.0045979687","",""
"2025-04","2025-02","RoyalMotion IT","Dorshon","Priyo Bhul - প্রিয় ভুল","Priyo Bhul - প্রিয় ভুল","7316479786929","HUDHU2519799","RMITDS04","RMITDS04","Track","2644531.0000000000","6040966","612392","819897","669643","YouTube Content ID","Ad-Supported Streaming","Bangladesh","950","0.0545147500","0.0000000000","75.0000000000","0.0408860625","100.0000000000","0.0408860625","",""
"2025-04","2025-02","RoyalMotion IT","Songket","Tumi Nei - তুমি নেই","Tumi Nei - তুমি নেই","7316479834224","HUDHU2519856","RMITSK01","RMITSK01","Track","2652456.0000000000","6053962","612392","819897","669643","YouTube Content ID","Ad-Supported Streaming","United Arab Emirates","5","0.0036588250","0.0000000000","75.0000000000","0.0027441188","100.0000000000","0.0027441188","",""
"2025-04","2025-02","RoyalMotion IT","Songket","Tumi Nei - তুমি নেই","Tumi Nei - তুমি নেই","7316479834224","HUDHU2519856","RMITSK01","RMITSK01","Track","2652456.0000000000","6053962","612392","819897","669643","YouTube Content ID","Ad-Supported Streaming","Bangladesh","624","0.0174449750","0.0000000000","75.0000000000","0.0130837313","100.0000000000","0.0130837313","",""
"2025-04","2025-02","RoyalMotion IT","Dorshon","Priyo Bhul - প্রিয় ভুল","Priyo Bhul - প্রিয় ভুল","7316479786929","HUDHU2519799","RMITDS04","RMITDS04","Track","2644531.0000000000","6040966","612392","819897","669643","YouTube Music","Subscription Streaming","Bangladesh","1","0.0015753513","0.0000000000","75.0000000000","0.0011815135","100.0000000000","0.0011815135","",""
"2025-04","2025-02","RoyalMotion IT","Dorshon","Priyo Bhul - প্রিয় ভুল","Priyo Bhul - প্রিয় ভুল","7316479786929","HUDHU2519799","RMITDS04","RMITDS04","Track","2644531.0000000000","6040966","612392","819897","669643","YouTube Content ID","Ad-Supported Streaming","United Arab Emirates","14","0.0065441500","0.0000000000","75.0000000000","0.0049081125","100.0000000000","0.0049081125","",""
"2025-04","2025-02","RoyalMotion IT","Obsedian Rifts","Bishad Rupantor - বিষাদ রুপান্তর","Bishad Rupantor - বিষাদ রুপান্তর","7316479968943","HUDHU2519932","RMITOR01","RMITOR01","Track","2676115.0000000000","6103462","612392","819897","669643","YouTube Content ID","Ad-Supported Streaming","France","1","0.0001134750","0.0000000000","75.0000000000","0.0000851062","100.0000000000","0.0000851062","",""
"2025-04","2025-02","RoyalMotion IT","Songket","Tumi Nei - তুমি নেই","Tumi Nei - তুমি নেই","7316479834224","HUDHU2519856","RMITSK01","RMITSK01","Track","2652456.0000000000","6053962","612392","819897","669643","YouTube Content ID","Ad-Supported Streaming","Saudi Arabia","1","0.0000471750","0.0000000000","75.0000000000","0.0000353813","100.0000000000","0.0000353813","",""
"2025-04","2025-02","RoyalMotion IT","Dorshon","Priyo Bhul - প্রিয় ভুল","Priyo Bhul - প্রিয় ভুল","7316479786929","HUDHU2519799","RMITDS04","RMITDS04","Track","2644531.0000000000","6040966","612392","819897","669643","YouTube Content ID","Ad-Supported Streaming","Spain","1","0.0001062500","0.0000000000","75.0000000000","0.0000796875","100.0000000000","0.0000796875","",""
"2025-04","2025-02","RoyalMotion IT","Songket","Tumi Nei - তুমি নেই","Tumi Nei - তুমি নেই","7316479834224","HUDHU2519856","RMITSK01","RMITSK01","Track","2652456.0000000000","6053962","612392","819897","669643","YouTube Content ID","Ad-Supported Streaming","France","1","0.0012801000","0.0000000000","75.0000000000","0.0009600750","100.0000000000","0.0009600750","",""
"2025-04","2025-02","RoyalMotion IT","Dorshon","Priyo Bhul - প্রিয় ভুল","Priyo Bhul - প্রিয় ভুল","7316479786929","HUDHU2519799","RMITDS04","RMITDS04","Track","2644531.0000000000","6040966","612392","819897","669643","YouTube Content ID","Ad-Supported Streaming","Sweden","2","0.0039384750","0.0000000000","75.0000000000","0.0029538563","100.0000000000","0.0029538563","",""
"2025-04","2025-02","RoyalMotion IT","Songket","Tumi Nei - তুমি নেই","Tumi Nei - তুমি নেই","7316479834224","HUDHU2519856","RMITSK01","RMITSK01","Track","2652456.0000000000","6053962","612392","819897","669643","YouTube Content ID","Subscription Streaming","Malaysia","1","0.0036195806","0.0000000000","75.0000000000","0.0027146855","100.0000000000","0.0027146855","",""
"2025-04","2025-02","RoyalMotion IT","Dorshon","Priyo Bhul - প্রিয় ভুল","Priyo Bhul - প্রিয় ভুল","7316479786929","HUDHU2519799","RMITDS04","RMITDS04","Track","2644531.0000000000","6040966","612392","819897","669643","YouTube Content ID","Ad-Supported Streaming","Australia","3","0.0004615500","0.0000000000","75.0000000000","0.0003461625","100.0000000000","0.0003461625","",""
"2025-04","2025-02","RoyalMotion IT","Dorshon","Priyo Bhul - প্রিয় ভুল","Priyo Bhul - প্রিয় ভুল","7316479786929","HUDHU2519799","RMITDS04","RMITDS04","Track","2644531.0000000000","6040966","612392","819897","669643","YouTube Content ID","Ad-Supported Streaming","United Arab Emirates","7","0.0127614750","0.0000000000","75.0000000000","0.0095711062","100.0000000000","0.0095711062","",""
"2025-04","2025-02","RoyalMotion IT","Salehin I Apon","Icarus Er Dana","Icarus Er Dana","7316479983168","HUDHU2519985","RMITSIA01","RMITSIA01","Track","2677767.0000000000","6105967","612392","819897","669643","YouTube Music","Subscription Streaming","Canada","4","0.0169841099","0.0000000000","75.0000000000","0.0127380824","100.0000000000","0.0127380824","",""
"2025-04","2025-02","RoyalMotion IT","Dorshon","Priyo Bhul - প্রিয় ভুল","Priyo Bhul - প্রিয় ভুল","7316479786929","HUDHU2519799","RMITDS04","RMITDS04","Track","2644531.0000000000","6040966","612392","819897","669643","YouTube Music","Subscription Streaming","Bangladesh","2","0.0031507025","0.0000000000","75.0000000000","0.0023630269","100.0000000000","0.0023630269","",""
"2025-04","2025-02","RoyalMotion IT","Songket","Tumi Nei - তুমি নেই","Tumi Nei - তুমি নেই","7316479834224","HUDHU2519856","RMITSK01","RMITSK01","Track","2652456.0000000000","6053962","612392","819897","669643","YouTube Content ID","Ad-Supported Streaming","Malaysia","6","0.0002320500","0.0000000000","75.0000000000","0.0001740375","100.0000000000","0.0001740375","",""
"2025-04","2025-02","RoyalMotion IT","Obsedian Rifts","Bishad Rupantor - বিষাদ রুপান্তর","Bishad Rupantor - বিষাদ রুপান্তর","7316479968943","HUDHU2519932","RMITOR01","RMITOR01","Track","2676115.0000000000","6103462","612392","819897","669643","YouTube Music","Ad-Supported Streaming","United Arab Emirates","24","0.0193391831","0.0000000000","75.0000000000","0.0145043873","100.0000000000","0.0145043873","",""
"2025-04","2025-02","RoyalMotion IT","Dorshon","Priyo Bhul - প্রিয় ভুল","Priyo Bhul - প্রিয় ভুল","7316479786929","HUDHU2519799","RMITDS04","RMITDS04","Track","2644531.0000000000","6040966","612392","819897","669643","YouTube Content ID","Ad-Supported Streaming","Bangladesh","1219","0.0605735500","0.0000000000","75.0000000000","0.0454301625","100.0000000000","0.0454301625","",""
"2025-04","2025-02","RoyalMotion IT","Protikkha","Artonaad - আর্তনাদ","Artonaad - আর্তনাদ","198676813441","QZNWR2426793","RMITPK01","RMITPK01","Track","2643468.0000000000","6039354","612392","819897","669643","YouTube Music","Ad-Supported Streaming","Saudi Arabia","1","0.0010366244","0.0000000000","75.0000000000","0.0007774683","100.0000000000","0.0007774683","",""
"2025-04","2025-02","RoyalMotion IT","Songket","Tumi Nei - তুমি নেই","Tumi Nei - তুমি নেই","7316479834224","HUDHU2519856","RMITSK01","RMITSK01","Track","2652456.0000000000","6053962","612392","819897","669643","YouTube Music","Ad-Supported Streaming","Saudi Arabia","18","0.0008670025","0.0000000000","75.0000000000","0.0006502519","100.0000000000","0.0006502519","",""
"2025-04","2025-02","RoyalMotion IT","Dorshon","Priyo Bhul - প্রিয় ভুল","Priyo Bhul - প্রিয় ভুল","7316479786929","HUDHU2519799","RMITDS04","RMITDS04","Track","2644531.0000000000","6040966","612392","819897","669643","YouTube Music","Ad-Supported Streaming","Bangladesh","18","0.0005550000","0.0000000000","75.0000000000","0.0004162500","100.0000000000","0.0004162500","",""
"2025-04","2025-02","RoyalMotion IT","Songket","Tumi Nei - তুমি নেই","Tumi Nei - তুমি নেই","7316479834224","HUDHU2519856","RMITSK01","RMITSK01","Track","2652456.0000000000","6053962","612392","819897","669643","YouTube Content ID","Ad-Supported Streaming","Malaysia","12","0.0136799000","0.0000000000","75.0000000000","0.0102599250","100.0000000000","0.0102599250","",""
"2025-04","2025-02","RoyalMotion IT","Obsedian Rifts","Bishad Rupantor - বিষাদ রুপান্তর","Bishad Rupantor - বিষাদ রুপান্তর","7316479968943","HUDHU2519932","RMITOR01","RMITOR01","Track","2676115.0000000000","6103462","612392","819897","669643","YouTube Music","Ad-Supported Streaming","Thailand","1","0.0002240581","0.0000000000","75.0000000000","0.0001680436","100.0000000000","0.0001680436","",""
"2025-04","2025-02","RoyalMotion IT","Obsedian Rifts","Bishad Rupantor - বিষাদ রুপান্তর","Bishad Rupantor - বিষাদ রুপান্তর","7316479968943","HUDHU2519932","RMITOR01","RMITOR01","Track","2676115.0000000000","6103462","612392","819897","669643","YouTube Music","Subscription Streaming","India","7","0.0049547316","0.0000000000","75.0000000000","0.0037160487","100.0000000000","0.0037160487","",""
"2025-04","2025-02","RoyalMotion IT","Songket","Tumi Nei - তুমি নেই","Tumi Nei - তুমি নেই","7316479834224","HUDHU2519856","RMITSK01","RMITSK01","Track","2652456.0000000000","6053962","612392","819897","669643","YouTube Content ID","Ad-Supported Streaming","United Arab Emirates","2","0.0000850000","0.0000000000","75.0000000000","0.0000637500","100.0000000000","0.0000637500","",""
"2025-04","2025-02","RoyalMotion IT","Obsedian Rifts","Bishad Rupantor - বিষাদ রুপান্তর","Bishad Rupantor - বিষাদ রুপান্তর","7316479968943","HUDHU2519932","RMITOR01","RMITOR01","Track","2676115.0000000000","6103462","612392","819897","669643","YouTube Music","Ad-Supported Streaming","Qatar","6","0.0023351856","0.0000000000","75.0000000000","0.0017513892","100.0000000000","0.0017513892","",""
"2025-04","2025-02","RoyalMotion IT","Dorshon","Priyo Bhul - প্রিয় ভুল","Priyo Bhul - প্রিয় ভুল","7316479786929","HUDHU2519799","RMITDS04","RMITDS04","Track","2644531.0000000000","6040966","612392","819897","669643","YouTube Content ID","Ad-Supported Streaming","United Kingdom","7","0.0147245500","0.0000000000","75.0000000000","0.0110434125","100.0000000000","0.0110434125","",""
"2025-04","2025-02","RoyalMotion IT","Purnoy Hoq","Pera Nai Chill 2","Pera Nai Chill 2","198668899415","QZTAS2488692","RMITPH01","RMITPH01","Track","2604014.0000000000","5956078","612392","819897","669643","YouTube Music","Ad-Supported Streaming","Bangladesh","3","0.0003329306","0.0000000000","75.0000000000","0.0002496980","100.0000000000","0.0002496980","",""
"2025-04","2025-02","RoyalMotion IT","Protikkha","Artonaad - আর্তনাদ","Artonaad - আর্তনাদ","198676813441","QZNWR2426793","RMITPK01","RMITPK01","Track","2643468.0000000000","6039354","612392","819897","669643","YouTube Music","Ad-Supported Streaming","United Arab Emirates","6","0.0028824156","0.0000000000","75.0000000000","0.0021618117","100.0000000000","0.0021618117","",""
"2025-04","2025-02","RoyalMotion IT","Songket","Tumi Nei - তুমি নেই","Tumi Nei - তুমি নেই","7316479834224","HUDHU2519856","RMITSK01","RMITSK01","Track","2652456.0000000000","6053962","612392","819897","669643","YouTube Content ID","Ad-Supported Streaming","Bangladesh","273","0.0081702000","0.0000000000","75.0000000000","0.0061276500","100.0000000000","0.0061276500","",""
"2025-04","2025-02","RoyalMotion IT","Songket","Tumi Nei - তুমি নেই","Tumi Nei - তুমি নেই","7316479834224","HUDHU2519856","RMITSK01","RMITSK01","Track","2652456.0000000000","6053962","612392","819897","669643","YouTube Content ID","Ad-Supported Streaming","Bangladesh","182","0.0065794250","0.0000000000","75.0000000000","0.0049345687","100.0000000000","0.0049345687","",""
"2025-04","2025-02","RoyalMotion IT","Obsedian Rifts","Bishad Rupantor - বিষাদ রুপান্তর","Bishad Rupantor - বিষাদ রুপান্তর","7316479968943","HUDHU2519932","RMITOR01","RMITOR01","Track","2676115.0000000000","6103462","612392","819897","669643","YouTube Content ID","Ad-Supported Streaming","United Arab Emirates","8","0.0014156750","0.0000000000","75.0000000000","0.0010617562","100.0000000000","0.0010617562","",""
"2025-04","2025-02","RoyalMotion IT","Sajjad Ahmmed","College Er Baranday","College Er Baranday","7316479974821","HUDHU2519948","RMITSA01","RMITSA01","Track","2676994.0000000000","6104681","612392","819897","669643","YouTube Music","Ad-Supported Streaming","Bangladesh","177","0.0009379500","0.0000000000","75.0000000000","0.0007034625","100.0000000000","0.0007034625","",""
"2025-04","2025-02","RoyalMotion IT","Dorshon","Priyo Bhul - প্রিয় ভুল","Priyo Bhul - প্রিয় ভুল","7316479786929","HUDHU2519799","RMITDS04","RMITDS04","Track","2644531.0000000000","6040966","612392","819897","669643","YouTube Content ID","Ad-Supported Streaming","Malaysia","5","0.0009299000","0.0000000000","75.0000000000","0.0006974250","100.0000000000","0.0006974250","",""
"2025-04","2025-02","RoyalMotion IT","Protikkha","Artonaad - আর্তনাদ","Artonaad - আর্তনাদ","198676813441","QZNWR2426793","RMITPK01","RMITPK01","Track","2643468.0000000000","6039354","612392","819897","669643","YouTube Music","Subscription Streaming","Canada","1","0.0044765866","0.0000000000","75.0000000000","0.0033574399","100.0000000000","0.0033574399","",""
"2025-04","2025-02","RoyalMotion IT","Protikkha","Artonaad - আর্তনাদ","Artonaad - আর্তনাদ","198676813441","QZNWR2426793","RMITPK01","RMITPK01","Track","2643468.0000000000","6039354","612392","819897","669643","YouTube Content ID","Ad-Supported Streaming","Bangladesh","6","0.0001351500","0.0000000000","75.0000000000","0.0001013625","100.0000000000","0.0001013625","",""
"2025-04","2025-02","RoyalMotion IT","Obsedian Rifts","Bishad Rupantor - বিষাদ রুপান্তর","Bishad Rupantor - বিষাদ রুপান্তর","7316479968943","HUDHU2519932","RMITOR01","RMITOR01","Track","2676115.0000000000","6103462","612392","819897","669643","YouTube Music","Ad-Supported Streaming","Germany","1","0.0003100600","0.0000000000","75.0000000000","0.0002325450","100.0000000000","0.0002325450","",""
"2025-04","2025-02","RoyalMotion IT","Dorshon","Priyo Bhul - প্রিয় ভুল","Priyo Bhul - প্রিয় ভুল","7316479786929","HUDHU2519799","RMITDS04","RMITDS04","Track","2644531.0000000000","6040966","612392","819897","669643","YouTube Music","Ad-Supported Streaming","India","3","0.0004704550","0.0000000000","75.0000000000","0.0003528412","100.0000000000","0.0003528412","",""
"2025-04","2025-02","RoyalMotion IT","Protikkha","Artonaad - আর্তনাদ","Artonaad - আর্তনাদ","198676813441","QZNWR2426793","RMITPK01","RMITPK01","Track","2643468.0000000000","6039354","612392","819897","669643","YouTube Music","Ad-Supported Streaming","Thailand","1","0.0015342744","0.0000000000","75.0000000000","0.0011507058","100.0000000000","0.0011507058","",""
"2025-04","2025-02","RoyalMotion IT","Dorshon","Priyo Bhul - প্রিয় ভুল","Priyo Bhul - প্রিয় ভুল","7316479786929","HUDHU2519799","RMITDS04","RMITDS04","Track","2644531.0000000000","6040966","612392","819897","669643","YouTube Content ID","Subscription Streaming","Bangladesh","1","0.0014476201","0.0000000000","75.0000000000","0.0010857151","100.0000000000","0.0010857151","",""
"2025-04","2025-02","RoyalMotion IT","Songket","Tumi Nei - তুমি নেই","Tumi Nei - তুমি নেই","7316479834224","HUDHU2519856","RMITSK01","RMITSK01","Track","2652456.0000000000","6053962","612392","819897","669643","YouTube Content ID","Ad-Supported Streaming","India","4","0.0005350750","0.0000000000","75.0000000000","0.0004013062","100.0000000000","0.0004013062","",""
"2025-04","2025-02","RoyalMotion IT","Dorshon","Priyo Bhul - প্রিয় ভুল","Priyo Bhul - প্রিয় ভুল","7316479786929","HUDHU2519799","RMITDS04","RMITDS04","Track","2644531.0000000000","6040966","612392","819897","669643","YouTube Music","Ad-Supported Streaming","Saudi Arabia","2","0.0004660844","0.0000000000","75.0000000000","0.0003495633","100.0000000000","0.0003495633","",""
"2025-04","2025-02","RoyalMotion IT","Dorshon","Priyo Bhul - প্রিয় ভুল","Priyo Bhul - প্রিয় ভুল","7316479786929","HUDHU2519799","RMITDS04","RMITDS04","Track","2644531.0000000000","6040966","612392","819897","669643","YouTube Content ID","Ad-Supported Streaming","Norway","1","0.0001394000","0.0000000000","75.0000000000","0.0001045500","100.0000000000","0.0001045500","",""
"2025-04","2025-02","RoyalMotion IT","Obsedian Rifts","Bishad Rupantor - বিষাদ রুপান্তর","Bishad Rupantor - বিষাদ রুপান্তর","7316479968943","HUDHU2519932","RMITOR01","RMITOR01","Track","2676115.0000000000","6103462","612392","819897","669643","YouTube Music","Ad-Supported Streaming","Oman","7","0.0011085431","0.0000000000","75.0000000000","0.0008314073","100.0000000000","0.0008314073","",""
"2025-04","2025-02","RoyalMotion IT","Dorshon","Priyo Bhul - প্রিয় ভুল","Priyo Bhul - প্রিয় ভুল","7316479786929","HUDHU2519799","RMITDS04","RMITDS04","Track","2644531.0000000000","6040966","612392","819897","669643","YouTube Music","Ad-Supported Streaming","Bangladesh","58","0.0018453056","0.0000000000","75.0000000000","0.0013839792","100.0000000000","0.0013839792","",""
"2025-04","2025-02","RoyalMotion IT","Songket","Tumi Nei - তুমি নেই","Tumi Nei - তুমি নেই","7316479834224","HUDHU2519856","RMITSK01","RMITSK01","Track","2652456.0000000000","6053962","612392","819897","669643","YouTube Content ID","Ad-Supported Streaming","Saudi Arabia","2","0.0001105000","0.0000000000","75.0000000000","0.0000828750","100.0000000000","0.0000828750","",""
"2025-04","2025-02","RoyalMotion IT","Obsedian Rifts","Bishad Rupantor - বিষাদ রুপান্তর","Bishad Rupantor - বিষাদ রুপান্তর","7316479968943","HUDHU2519932","RMITOR01","RMITOR01","Track","2676115.0000000000","6103462","612392","819897","669643","YouTube Content ID","Ad-Supported Streaming","Qatar","4","0.0002116500","0.0000000000","75.0000000000","0.0001587375","100.0000000000","0.0001587375","",""
"2025-04","2025-02","RoyalMotion IT","Obsedian Rifts","Bishad Rupantor - বিষাদ রুপান্তর","Bishad Rupantor - বিষাদ রুপান্তর","7316479968943","HUDHU2519932","RMITOR01","RMITOR01","Track","2676115.0000000000","6103462","612392","819897","669643","YouTube Music","Ad-Supported Streaming","United Arab Emirates","3","0.0042864962","0.0000000000","75.0000000000","0.0032148721","100.0000000000","0.0032148721","",""
"2025-04","2025-02","RoyalMotion IT","Dorshon","Priyo Bhul - প্রিয় ভুল","Priyo Bhul - প্রিয় ভুল","7316479786929","HUDHU2519799","RMITDS04","RMITDS04","Track","2644531.0000000000","6040966","612392","819897","669643","YouTube Music","Ad-Supported Streaming","Bangladesh","9","0.0002945200","0.0000000000","75.0000000000","0.0002208900","100.0000000000","0.0002208900","",""
"2025-04","2025-02","RoyalMotion IT","Protikkha","Artonaad - আর্তনাদ","Artonaad - আর্তনাদ","198676813441","QZNWR2426793","RMITPK01","RMITPK01","Track","2643468.0000000000","6039354","612392","819897","669643","YouTube Content ID","Ad-Supported Streaming","Bangladesh","11","0.0025262000","0.0000000000","75.0000000000","0.0018946500","100.0000000000","0.0018946500","",""
"2025-04","2025-02","RoyalMotion IT","Dorshon","Priyo Bhul - প্রিয় ভুল","Priyo Bhul - প্রিয় ভুল","7316479786929","HUDHU2519799","RMITDS04","RMITDS04","Track","2644531.0000000000","6040966","612392","819897","669643","YouTube Content ID","Ad-Supported Streaming","Malaysia","8","0.0011526000","0.0000000000","75.0000000000","0.0008644500","100.0000000000","0.0008644500","",""
"2025-04","2025-02","RoyalMotion IT","Dorshon","Priyo Bhul - প্রিয় ভুল","Priyo Bhul - প্রিয় ভুল","7316479786929","HUDHU2519799","RMITDS04","RMITDS04","Track","2644531.0000000000","6040966","612392","819897","669643","YouTube Content ID","Ad-Supported Streaming","Kuwait","2","0.0002346000","0.0000000000","75.0000000000","0.0001759500","100.0000000000","0.0001759500","",""
"2025-04","2025-02","RoyalMotion IT","Dorshon","Priyo Bhul - প্রিয় ভুল","Priyo Bhul - প্রিয় ভুল","7316479786929","HUDHU2519799","RMITDS04","RMITDS04","Track","2644531.0000000000","6040966","612392","819897","669643","YouTube Music","Subscription Streaming","Bangladesh","1","0.0015753513","0.0000000000","75.0000000000","0.0011815135","100.0000000000","0.0011815135","",""
"2025-04","2025-02","RoyalMotion IT","Songket","Tumi Nei - তুমি নেই","Tumi Nei - তুমি নেই","7316479834224","HUDHU2519856","RMITSK01","RMITSK01","Track","2652456.0000000000","6053962","612392","819897","669643","YouTube Content ID","Ad-Supported Streaming","Bangladesh","326","0.0148125250","0.0000000000","75.0000000000","0.0111093937","100.0000000000","0.0111093937","",""
"2025-04","2025-02","RoyalMotion IT","Songket","Tumi Nei - তুমি নেই","Tumi Nei - তুমি নেই","7316479834224","HUDHU2519856","RMITSK01","RMITSK01","Track","2652456.0000000000","6053962","612392","819897","669643","YouTube Content ID","Ad-Supported Streaming","Bangladesh","930","0.0458830000","0.0000000000","75.0000000000","0.0344122500","100.0000000000","0.0344122500","",""
"2025-04","2025-02","RoyalMotion IT","Protikkha","Artonaad - আর্তনাদ","Artonaad - আর্তনাদ","198676813441","QZNWR2426793","RMITPK01","RMITPK01","Track","2643468.0000000000","6039354","612392","819897","669643","YouTube Music","Ad-Supported Streaming","Bangladesh","569","0.0228267106","0.0000000000","75.0000000000","0.0171200330","100.0000000000","0.0171200330","",""
"2025-04","2025-02","RoyalMotion IT","Obsedian Rifts","Bishad Rupantor - বিষাদ রুপান্তর","Bishad Rupantor - বিষাদ রুপান্তর","7316479968943","HUDHU2519932","RMITOR01","RMITOR01","Track","2676115.0000000000","6103462","612392","819897","669643","YouTube Music","Ad-Supported Streaming","Singapore","7","0.0041003631","0.0000000000","75.0000000000","0.0030752723","100.0000000000","0.0030752723","",""
"2025-04","2025-02","RoyalMotion IT","Dorshon","Priyo Bhul - প্রিয় ভুল","Priyo Bhul - প্রিয় ভুল","7316479786929","HUDHU2519799","RMITDS04","RMITDS04","Track","2644531.0000000000","6040966","612392","819897","669643","YouTube Content ID","Ad-Supported Streaming","Portugal","1","0.0001810500","0.0000000000","75.0000000000","0.0001357875","100.0000000000","0.0001357875","",""
"2025-04","2025-02","RoyalMotion IT","Dorshon","Priyo Bhul - প্রিয় ভুল","Priyo Bhul - প্রিয় ভুল","7316479786929","HUDHU2519799","RMITDS04","RMITDS04","Track","2644531.0000000000","6040966","612392","819897","669643","YouTube Content ID","Ad-Supported Streaming","United Arab Emirates","3","0.0003587000","0.0000000000","75.0000000000","0.0002690250","100.0000000000","0.0002690250","",""
"2025-04","2025-02","RoyalMotion IT","Obsedian Rifts","Bishad Rupantor - বিষাদ রুপান্তর","Bishad Rupantor - বিষাদ রুপান্তর","7316479968943","HUDHU2519932","RMITOR01","RMITOR01","Track","2676115.0000000000","6103462","612392","819897","669643","YouTube Music","Ad-Supported Streaming","Saudi Arabia","164","0.0886080856","0.0000000000","75.0000000000","0.0664560642","100.0000000000","0.0664560642","",""
"2025-04","2025-02","RoyalMotion IT","Obsedian Rifts","Bishad Rupantor - বিষাদ রুপান্তর","Bishad Rupantor - বিষাদ রুপান্তর","7316479968943","HUDHU2519932","RMITOR01","RMITOR01","Track","2676115.0000000000","6103462","612392","819897","669643","YouTube Music","Ad-Supported Streaming","Egypt","1","0.0009894725","0.0000000000","75.0000000000","0.0007421044","100.0000000000","0.0007421044","",""
"2025-04","2025-02","RoyalMotion IT","Dorshon","Priyo Bhul - প্রিয় ভুল","Priyo Bhul - প্রিয় ভুল","7316479786929","HUDHU2519799","RMITDS04","RMITDS04","Track","2644531.0000000000","6040966","612392","819897","669643","YouTube Content ID","Ad-Supported Streaming","India","40","0.0115778500","0.0000000000","75.0000000000","0.0086833875","100.0000000000","0.0086833875","",""
"2025-04","2025-02","RoyalMotion IT","Songket","Tumi Nei - তুমি নেই","Tumi Nei - তুমি নেই","7316479834224","HUDHU2519856","RMITSK01","RMITSK01","Track","2652456.0000000000","6053962","612392","819897","669643","YouTube Content ID","Ad-Supported Streaming","Singapore","1","0.0017391000","0.0000000000","75.0000000000","0.0013043250","100.0000000000","0.0013043250","",""
"2025-04","2025-02","RoyalMotion IT","Protikkha","Artonaad - আর্তনাদ","Artonaad - আর্তনাদ","198676813441","QZNWR2426793","RMITPK01","RMITPK01","Track","2643468.0000000000","6039354","612392","819897","669643","YouTube Music","Ad-Supported Streaming","Bangladesh","6","0.0001705931","0.0000000000","75.0000000000","0.0001279448","100.0000000000","0.0001279448","",""
"2025-04","2025-02","RoyalMotion IT","Salehin I Apon","Icarus Er Dana","Icarus Er Dana","7316479983168","HUDHU2519985","RMITSIA01","RMITSIA01","Track","2677767.0000000000","6105967","612392","819897","669643","YouTube Content ID","Ad-Supported Streaming","Germany","2","0.0001857250","0.0000000000","75.0000000000","0.0001392938","100.0000000000","0.0001392938","",""
"2025-04","2025-02","RoyalMotion IT","Salehin I Apon","Icarus Er Dana","Icarus Er Dana","7316479983168","HUDHU2519985","RMITSIA01","RMITSIA01","Track","2677767.0000000000","6105967","612392","819897","669643","YouTube Content ID","Subscription Streaming","Canada","1","0.0039017550","0.0000000000","75.0000000000","0.0029263162","100.0000000000","0.0029263162","",""
"2025-04","2025-02","RoyalMotion IT","Dorshon","Priyo Bhul - প্রিয় ভুল","Priyo Bhul - প্রিয় ভুল","7316479786929","HUDHU2519799","RMITDS04","RMITDS04","Track","2644531.0000000000","6040966","612392","819897","669643","YouTube Content ID","Ad-Supported Streaming","Australia","2","0.0044735500","0.0000000000","75.0000000000","0.0033551625","100.0000000000","0.0033551625","",""
"2025-04","2025-02","RoyalMotion IT","Dorshon","Priyo Bhul - প্রিয় ভুল","Priyo Bhul - প্রিয় ভুল","7316479786929","HUDHU2519799","RMITDS04","RMITDS04","Track","2644531.0000000000","6040966","612392","819897","669643","YouTube Music","Subscription Streaming","India","1","0.0014355729","0.0000000000","75.0000000000","0.0010766797","100.0000000000","0.0010766797","",""
"2025-04","2025-02","RoyalMotion IT","Dorshon","Priyo Bhul - প্রিয় ভুল","Priyo Bhul - প্রিয় ভুল","7316479786929","HUDHU2519799","RMITDS04","RMITDS04","Track","2644531.0000000000","6040966","612392","819897","669643","YouTube Music","Ad-Supported Streaming","Bangladesh","55","0.0048983606","0.0000000000","75.0000000000","0.0036737705","100.0000000000","0.0036737705","",""
"2025-04","2025-02","RoyalMotion IT","Obsedian Rifts","Bishad Rupantor - বিষাদ রুপান্তর","Bishad Rupantor - বিষাদ রুপান্তর","7316479968943","HUDHU2519932","RMITOR01","RMITOR01","Track","2676115.0000000000","6103462","612392","819897","669643","YouTube Music","Ad-Supported Streaming","Qatar","16","0.0132044675","0.0000000000","75.0000000000","0.0099033506","100.0000000000","0.0099033506","",""
"2025-04","2025-02","RoyalMotion IT","Obsedian Rifts","Bishad Rupantor - বিষাদ রুপান্তর","Bishad Rupantor - বিষাদ রুপান্তর","7316479968943","HUDHU2519932","RMITOR01","RMITOR01","Track","2676115.0000000000","6103462","612392","819897","669643","YouTube Music","Ad-Supported Streaming","Greece","1","0.0001190706","0.0000000000","75.0000000000","0.0000893029","100.0000000000","0.0000893029","",""
"2025-04","2025-02","RoyalMotion IT","Obsedian Rifts","Bishad Rupantor - বিষাদ রুপান্তর","Bishad Rupantor - বিষাদ রুপান্তর","7316479968943","HUDHU2519932","RMITOR01","RMITOR01","Track","2676115.0000000000","6103462","612392","819897","669643","YouTube Content ID","Ad-Supported Streaming","United Arab Emirates","2","0.0002354500","0.0000000000","75.0000000000","0.0001765875","100.0000000000","0.0001765875","",""
"2025-04","2025-02","RoyalMotion IT","Dorshon","Priyo Bhul - প্রিয় ভুল","Priyo Bhul - প্রিয় ভুল","7316479786929","HUDHU2519799","RMITDS04","RMITDS04","Track","2644531.0000000000","6040966","612392","819897","669643","YouTube Content ID","Ad-Supported Streaming","Saudi Arabia","22","0.0118332750","0.0000000000","75.0000000000","0.0088749562","100.0000000000","0.0088749562","",""
"2025-04","2025-02","RoyalMotion IT","Obsedian Rifts","Bishad Rupantor - বিষাদ রুপান্তর","Bishad Rupantor - বিষাদ রুপান্তর","7316479968943","HUDHU2519932","RMITOR01","RMITOR01","Track","2676115.0000000000","6103462","612392","819897","669643","YouTube Music","Subscription Streaming","United States","1","0.0058747379","0.0000000000","75.0000000000","0.0044060534","100.0000000000","0.0044060534","",""
"2025-04","2025-02","RoyalMotion IT","Dorshon","Priyo Bhul - প্রিয় ভুল","Priyo Bhul - প্রিয় ভুল","7316479786929","HUDHU2519799","RMITDS04","RMITDS04","Track","2644531.0000000000","6040966","612392","819897","669643","YouTube Content ID","Ad-Supported Streaming","Saudi Arabia","36","0.0101188250","0.0000000000","75.0000000000","0.0075891188","100.0000000000","0.0075891188","",""
"2025-04","2025-02","RoyalMotion IT","Songket","Tumi Nei - তুমি নেই","Tumi Nei - তুমি নেই","7316479834224","HUDHU2519856","RMITSK01","RMITSK01","Track","2652456.0000000000","6053962","612392","819897","669643","YouTube Content ID","Ad-Supported Streaming","United Arab Emirates","5","0.0019358750","0.0000000000","75.0000000000","0.0014519063","100.0000000000","0.0014519063","",""
"2025-04","2025-02","RoyalMotion IT","Dorshon","Priyo Bhul - প্রিয় ভুল","Priyo Bhul - প্রিয় ভুল","7316479786929","HUDHU2519799","RMITDS04","RMITDS04","Track","2644531.0000000000","6040966","612392","819897","669643","YouTube Content ID","Ad-Supported Streaming","Italy","4","0.0035530000","0.0000000000","75.0000000000","0.0026647500","100.0000000000","0.0026647500","",""
"2025-04","2025-02","RoyalMotion IT","Protikkha","Artonaad - আর্তনাদ","Artonaad - আর্তনাদ","198676813441","QZNWR2426793","RMITPK01","RMITPK01","Track","2643468.0000000000","6039354","612392","819897","669643","YouTube Music","Ad-Supported Streaming","Bangladesh","3","0.0003275425","0.0000000000","75.0000000000","0.0002456569","100.0000000000","0.0002456569","",""
"2025-04","2025-02","RoyalMotion IT","Songket","Tumi Nei - তুমি নেই","Tumi Nei - তুমি নেই","7316479834224","HUDHU2519856","RMITSK01","RMITSK01","Track","2652456.0000000000","6053962","612392","819897","669643","YouTube Content ID","Ad-Supported Streaming","Qatar","3","0.0013226000","0.0000000000","75.0000000000","0.0009919500","100.0000000000","0.0009919500","",""
"2025-04","2025-02","RoyalMotion IT","Shorov Shimanto","Semana 9100","Semana 9100","7316479863965","HUDHU2519870","RMITSS01","RMITSS01","Track","2656546.0000000000","6060653","612392","819897","669643","YouTube Music","Subscription Streaming","Malaysia","1","0.0014543877","0.0000000000","75.0000000000","0.0010907908","100.0000000000","0.0010907908","",""
"2025-04","2025-02","RoyalMotion IT","Songket","Tumi Nei - তুমি নেই","Tumi Nei - তুমি নেই","7316479834224","HUDHU2519856","RMITSK01","RMITSK01","Track","2652456.0000000000","6053962","612392","819897","669643","YouTube Content ID","Ad-Supported Streaming","Bahrain","1","0.0000569500","0.0000000000","75.0000000000","0.0000427125","100.0000000000","0.0000427125","",""
"2025-04","2025-02","RoyalMotion IT","Songket","Tumi Nei - তুমি নেই","Tumi Nei - তুমি নেই","7316479834224","HUDHU2519856","RMITSK01","RMITSK01","Track","2652456.0000000000","6053962","612392","819897","669643","YouTube Music","Ad-Supported Streaming","United Arab Emirates","2","0.0022564681","0.0000000000","75.0000000000","0.0016923511","100.0000000000","0.0016923511","",""
"2025-04","2025-02","RoyalMotion IT","Songket","Tumi Nei - তুমি নেই","Tumi Nei - তুমি নেই","7316479834224","HUDHU2519856","RMITSK01","RMITSK01","Track","2652456.0000000000","6053962","612392","819897","669643","Snap","Claimed UGC","Sri Lanka","3","0.0000335891","0.0000000000","75.0000000000","0.0000251918","100.0000000000","0.0000251918","",""
"2025-04","2025-02","RoyalMotion IT","Songket","Tumi Nei - তুমি নেই","Tumi Nei - তুমি নেই","7316479834224","HUDHU2519856","RMITSK01","RMITSK01","Track","2652456.0000000000","6053962","612392","819897","669643","YouTube Content ID","Ad-Supported Streaming","Italy","1","0.0002239750","0.0000000000","75.0000000000","0.0001679812","100.0000000000","0.0001679812","",""
"2025-04","2025-02","RoyalMotion IT","Search Light","Cholo Adhar - চলো আঁধার","Cholo Adhar - চলো আঁধার","7316479843868","HUDHU2519861","RMITSL01","RMITSL01","Track","2653572.0000000000","6055839","612392","819897","669643","YouTube Music","Ad-Supported Streaming","Bangladesh","2","0.0005540287","0.0000000000","75.0000000000","0.0004155215","100.0000000000","0.0004155215","",""
"2025-04","2025-02","RoyalMotion IT","Songket","Tumi Nei - তুমি নেই","Tumi Nei - তুমি নেই","7316479834224","HUDHU2519856","RMITSK01","RMITSK01","Track","2652456.0000000000","6053962","612392","819897","669643","YouTube Music","Ad-Supported Streaming","Bangladesh","16","0.0002036156","0.0000000000","75.0000000000","0.0001527117","100.0000000000","0.0001527117","",""
"2025-04","2025-02","RoyalMotion IT","Songket","Tumi Nei - তুমি নেই","Tumi Nei - তুমি নেই","7316479834224","HUDHU2519856","RMITSK01","RMITSK01","Track","2652456.0000000000","6053962","612392","819897","669643","YouTube Content ID","Ad-Supported Streaming","Malaysia","7","0.0001219750","0.0000000000","75.0000000000","0.0000914813","100.0000000000","0.0000914813","",""
"2025-04","2025-02","RoyalMotion IT","Shorov Shimanto","Semana 9100","Semana 9100","7316479863965","HUDHU2519870","RMITSS01","RMITSS01","Track","2656546.0000000000","6060653","612392","819897","669643","YouTube Music","Subscription Streaming","Australia","1","0.0118412759","0.0000000000","75.0000000000","0.0088809569","100.0000000000","0.0088809569","",""
"2025-04","2025-02","RoyalMotion IT","Dorshon","Priyo Bhul - প্রিয় ভুল","Priyo Bhul - প্রিয় ভুল","7316479786929","HUDHU2519799","RMITDS04","RMITDS04","Track","2644531.0000000000","6040966","612392","819897","669643","YouTube Content ID","Ad-Supported Streaming","Spain","2","0.0002992000","0.0000000000","75.0000000000","0.0002244000","100.0000000000","0.0002244000","",""
"2025-04","2025-02","RoyalMotion IT","Dorshon","Priyo Bhul - প্রিয় ভুল","Priyo Bhul - প্রিয় ভুল","7316479786929","HUDHU2519799","RMITDS04","RMITDS04","Track","2644531.0000000000","6040966","612392","819897","669643","YouTube Content ID","Ad-Supported Streaming","United States","4","0.0368475000","0.0000000000","75.0000000000","0.0276356250","100.0000000000","0.0276356250","",""
"2025-04","2025-02","RoyalMotion IT","Songket","Tumi Nei - তুমি নেই","Tumi Nei - তুমি নেই","7316479834224","HUDHU2519856","RMITSK01","RMITSK01","Track","2652456.0000000000","6053962","612392","819897","669643","YouTube Music","Ad-Supported Streaming","Saudi Arabia","2","0.0005117331","0.0000000000","75.0000000000","0.0003837998","100.0000000000","0.0003837998","",""
"2025-04","2025-02","RoyalMotion IT","Obsedian Rifts","Bishad Rupantor - বিষাদ রুপান্তর","Bishad Rupantor - বিষাদ রুপান্তর","7316479968943","HUDHU2519932","RMITOR01","RMITOR01","Track","2676115.0000000000","6103462","612392","819897","669643","YouTube Music","Ad-Supported Streaming","France","2","0.0014720681","0.0000000000","75.0000000000","0.0011040511","100.0000000000","0.0011040511","",""
"2025-04","2025-02","RoyalMotion IT","Songket","Tumi Nei - তুমি নেই","Tumi Nei - তুমি নেই","7316479834224","HUDHU2519856","RMITSK01","RMITSK01","Track","2652456.0000000000","6053962","612392","819897","669643","YouTube Content ID","Ad-Supported Streaming","Bangladesh","234","0.0000654500","0.0000000000","75.0000000000","0.0000490875","100.0000000000","0.0000490875","",""
"2025-04","2025-02","RoyalMotion IT","Dorshon","Priyo Bhul - প্রিয় ভুল","Priyo Bhul - প্রিয় ভুল","7316479786929","HUDHU2519799","RMITDS04","RMITDS04","Track","2644531.0000000000","6040966","612392","819897","669643","YouTube Content ID","Ad-Supported Streaming","Kuwait","5","0.0021105500","0.0000000000","75.0000000000","0.0015829125","100.0000000000","0.0015829125","",""
"2025-04","2025-02","RoyalMotion IT","Songket","Tumi Nei - তুমি নেই","Tumi Nei - তুমি নেই","7316479834224","HUDHU2519856","RMITSK01","RMITSK01","Track","2652456.0000000000","6053962","612392","819897","669643","YouTube Content ID","Ad-Supported Streaming","Singapore","3","0.0048883500","0.0000000000","75.0000000000","0.0036662625","100.0000000000","0.0036662625","",""
"2025-04","2025-02","RoyalMotion IT","Songket","Tumi Nei - তুমি নেই","Tumi Nei - তুমি নেই","7316479834224","HUDHU2519856","RMITSK01","RMITSK01","Track","2652456.0000000000","6053962","612392","819897","669643","YouTube Content ID","Ad-Supported Streaming","United Arab Emirates","5","0.0017097750","0.0000000000","75.0000000000","0.0012823313","100.0000000000","0.0012823313","",""
"2025-04","2025-02","RoyalMotion IT","Obsedian Rifts","Bishad Rupantor - বিষাদ রুপান্তর","Bishad Rupantor - বিষাদ রুপান্তর","7316479968943","HUDHU2519932","RMITOR01","RMITOR01","Track","2676115.0000000000","6103462","612392","819897","669643","YouTube Content ID","Ad-Supported Streaming","Saudi Arabia","4","0.0004789750","0.0000000000","75.0000000000","0.0003592312","100.0000000000","0.0003592312","",""
"2025-04","2025-02","RoyalMotion IT","Dorshon","Priyo Bhul - প্রিয় ভুল","Priyo Bhul - প্রিয় ভুল","7316479786929","HUDHU2519799","RMITDS04","RMITDS04","Track","2644531.0000000000","6040966","612392","819897","669643","YouTube Content ID","Subscription Streaming","Bangladesh","9","0.0014476201","0.0000000000","75.0000000000","0.0010857151","100.0000000000","0.0010857151","",""
"2025-04","2025-02","RoyalMotion IT","Protikkha","Artonaad - আর্তনাদ","Artonaad - আর্তনাদ","198676813441","QZNWR2426793","RMITPK01","RMITPK01","Track","2643468.0000000000","6039354","612392","819897","669643","YouTube Music","Ad-Supported Streaming","Poland","1","0.0052239606","0.0000000000","75.0000000000","0.0039179704","100.0000000000","0.0039179704","",""
"2025-04","2025-02","RoyalMotion IT","Obsedian Rifts","Bishad Rupantor - বিষাদ রুপান্তর","Bishad Rupantor - বিষাদ রুপান্তর","7316479968943","HUDHU2519932","RMITOR01","RMITOR01","Track","2676115.0000000000","6103462","612392","819897","669643","YouTube Music","Subscription Streaming","Bangladesh","2","0.0015753513","0.0000000000","75.0000000000","0.0011815135","100.0000000000","0.0011815135","",""
"2025-04","2025-02","RoyalMotion IT","Dorshon","Priyo Bhul - প্রিয় ভুল","Priyo Bhul - প্রিয় ভুল","7316479786929","HUDHU2519799","RMITDS04","RMITDS04","Track","2644531.0000000000","6040966","612392","819897","669643","YouTube Content ID","Ad-Supported Streaming","Canada","5","0.0020816500","0.0000000000","75.0000000000","0.0015612375","100.0000000000","0.0015612375","",""
"2025-04","2025-02","RoyalMotion IT","Obsedian Rifts","Bishad Rupantor - বিষাদ রুপান্তর","Bishad Rupantor - বিষাদ রুপান্তর","7316479968943","HUDHU2519932","RMITOR01","RMITOR01","Track","2676115.0000000000","6103462","612392","819897","669643","YouTube Music","Ad-Supported Streaming","Bahrain","1","0.0002449400","0.0000000000","75.0000000000","0.0001837050","100.0000000000","0.0001837050","",""
"2025-04","2025-02","RoyalMotion IT","Dorshon","Priyo Bhul - প্রিয় ভুল","Priyo Bhul - প্রিয় ভুল","7316479786929","HUDHU2519799","RMITDS04","RMITDS04","Track","2644531.0000000000","6040966","612392","819897","669643","YouTube Content ID","Ad-Supported Streaming","India","38","0.0003370250","0.0000000000","75.0000000000","0.0002527687","100.0000000000","0.0002527687","",""
"2025-04","2025-02","RoyalMotion IT","Dorshon","Priyo Bhul - প্রিয় ভুল","Priyo Bhul - প্রিয় ভুল","7316479786929","HUDHU2519799","RMITDS04","RMITDS04","Track","2644531.0000000000","6040966","612392","819897","669643","YouTube Content ID","Ad-Supported Streaming","Sweden","1","0.0019418250","0.0000000000","75.0000000000","0.0014563688","100.0000000000","0.0014563688","",""
"2025-04","2025-02","RoyalMotion IT","Protikkha","Artonaad - আর্তনাদ","Artonaad - আর্তনাদ","198676813441","QZNWR2426793","RMITPK01","RMITPK01","Track","2643468.0000000000","6039354","612392","819897","669643","YouTube Music","Subscription Streaming","Russian Federation","1","0.0033585597","0.0000000000","75.0000000000","0.0025189198","100.0000000000","0.0025189198","",""
"2025-04","2025-02","RoyalMotion IT","Songket","Tumi Nei - তুমি নেই","Tumi Nei - তুমি নেই","7316479834224","HUDHU2519856","RMITSK01","RMITSK01","Track","2652456.0000000000","6053962","612392","819897","669643","YouTube Music","Ad-Supported Streaming","India","2","0.0001535962","0.0000000000","75.0000000000","0.0001151971","100.0000000000","0.0001151971","",""
"2025-04","2025-02","RoyalMotion IT","Dorshon","Priyo Bhul - প্রিয় ভুল","Priyo Bhul - প্রিয় ভুল","7316479786929","HUDHU2519799","RMITDS04","RMITDS04","Track","2644531.0000000000","6040966","612392","819897","669643","YouTube Content ID","Ad-Supported Streaming","Singapore","3","0.0016745000","0.0000000000","75.0000000000","0.0012558750","100.0000000000","0.0012558750","",""
"2025-04","2025-02","RoyalMotion IT","Songket","Tumi Nei - তুমি নেই","Tumi Nei - তুমি নেই","7316479834224","HUDHU2519856","RMITSK01","RMITSK01","Track","2652456.0000000000","6053962","612392","819897","669643","YouTube Content ID","Ad-Supported Streaming","Bangladesh","631","0.0558773000","0.0000000000","75.0000000000","0.0419079750","100.0000000000","0.0419079750","",""
"2025-04","2025-02","RoyalMotion IT","Dorshon","Priyo Bhul - প্রিয় ভুল","Priyo Bhul - প্রিয় ভুল","7316479786929","HUDHU2519799","RMITDS04","RMITDS04","Track","2644531.0000000000","6040966","612392","819897","669643","YouTube Content ID","Ad-Supported Streaming","Canada","3","0.0113568500","0.0000000000","75.0000000000","0.0085176375","100.0000000000","0.0085176375","",""
"2025-04","2025-02","RoyalMotion IT","Songket","Tumi Nei - তুমি নেই","Tumi Nei - তুমি নেই","7316479834224","HUDHU2519856","RMITSK01","RMITSK01","Track","2652456.0000000000","6053962","612392","819897","669643","YouTube Content ID","Ad-Supported Streaming","Malaysia","1","0.0483701000","0.0000000000","75.0000000000","0.0362775750","100.0000000000","0.0362775750","",""
"2025-04","2025-02","RoyalMotion IT","Protikkha","Artonaad - আর্তনাদ","Artonaad - আর্তনাদ","198676813441","QZNWR2426793","RMITPK01","RMITPK01","Track","2643468.0000000000","6039354","612392","819897","669643","YouTube Music","Subscription Streaming","India","1","0.0014355729","0.0000000000","75.0000000000","0.0010766797","100.0000000000","0.0010766797","",""
"2025-04","2025-02","RoyalMotion IT","Dorshon","Priyo Bhul - প্রিয় ভুল","Priyo Bhul - প্রিয় ভুল","7316479786929","HUDHU2519799","RMITDS04","RMITDS04","Track","2644531.0000000000","6040966","612392","819897","669643","YouTube Content ID","Ad-Supported Streaming","Australia","1","0.0130245500","0.0000000000","75.0000000000","0.0097684125","100.0000000000","0.0097684125","",""
"2025-04","2025-02","RoyalMotion IT","Protikkha","Artonaad - আর্তনাদ","Artonaad - আর্তনাদ","198676813441","QZNWR2426793","RMITPK01","RMITPK01","Track","2643468.0000000000","6039354","612392","819897","669643","YouTube Content ID","Ad-Supported Streaming","Bangladesh","11","0.0001853000","0.0000000000","75.0000000000","0.0001389750","100.0000000000","0.0001389750","",""
"2025-04","2025-02","RoyalMotion IT","Songket","Tumi Nei - তুমি নেই","Tumi Nei - তুমি নেই","7316479834224","HUDHU2519856","RMITSK01","RMITSK01","Track","2652456.0000000000","6053962","612392","819897","669643","YouTube Content ID","Ad-Supported Streaming","Germany","1","0.0006094500","0.0000000000","75.0000000000","0.0004570875","100.0000000000","0.0004570875","",""
"2025-04","2025-02","RoyalMotion IT","Dorshon","Priyo Bhul - প্রিয় ভুল","Priyo Bhul - প্রিয় ভুল","7316479786929","HUDHU2519799","RMITDS04","RMITDS04","Track","2644531.0000000000","6040966","612392","819897","669643","YouTube Content ID","Ad-Supported Streaming","Bangladesh","965","0.0421221750","0.0000000000","75.0000000000","0.0315916312","100.0000000000","0.0315916312","",""
"2025-04","2025-02","RoyalMotion IT","Dorshon","Priyo Bhul - প্রিয় ভুল","Priyo Bhul - প্রিয় ভুল","7316479786929","HUDHU2519799","RMITDS04","RMITDS04","Track","2644531.0000000000","6040966","612392","819897","669643","YouTube Content ID","Ad-Supported Streaming","Qatar","2","0.0000497250","0.0000000000","75.0000000000","0.0000372938","100.0000000000","0.0000372938","",""
"2025-04","2025-02","RoyalMotion IT","Obsedian Rifts","Bishad Rupantor - বিষাদ রুপান্তর","Bishad Rupantor - বিষাদ রুপান্তর","7316479968943","HUDHU2519932","RMITOR01","RMITOR01","Track","2676115.0000000000","6103462","612392","819897","669643","YouTube Music","Ad-Supported Streaming","Kuwait","7","0.0067592063","0.0000000000","75.0000000000","0.0050694047","100.0000000000","0.0050694047","",""
"2025-04","2025-02","RoyalMotion IT","Protikkha","Artonaad - আর্তনাদ","Artonaad - আর্তনাদ","198676813441","QZNWR2426793","RMITPK01","RMITPK01","Track","2643468.0000000000","6039354","612392","819897","669643","YouTube Music","Ad-Supported Streaming","Bangladesh","563","0.0324678931","0.0000000000","75.0000000000","0.0243509198","100.0000000000","0.0243509198","",""
"2025-04","2025-02","RoyalMotion IT","Dorshon","Priyo Bhul - প্রিয় ভুল","Priyo Bhul - প্রিয় ভুল","7316479786929","HUDHU2519799","RMITDS04","RMITDS04","Track","2644531.0000000000","6040966","612392","819897","669643","YouTube Music","Ad-Supported Streaming","Bangladesh","10","0.0007766300","0.0000000000","75.0000000000","0.0005824725","100.0000000000","0.0005824725","",""
"2025-04","2025-02","RoyalMotion IT","Songket","Tumi Nei - তুমি নেই","Tumi Nei - তুমি নেই","7316479834224","HUDHU2519856","RMITSK01","RMITSK01","Track","2652456.0000000000","6053962","612392","819897","669643","YouTube Content ID","Ad-Supported Streaming","Oman","2","0.0001130500","0.0000000000","75.0000000000","0.0000847875","100.0000000000","0.0000847875","",""
"2025-04","2025-02","RoyalMotion IT","Dorshon","Priyo Bhul - প্রিয় ভুল","Priyo Bhul - প্রিয় ভুল","7316479786929","HUDHU2519799","RMITDS04","RMITDS04","Track","2644531.0000000000","6040966","612392","819897","669643","YouTube Content ID","Subscription Streaming","Saudi Arabia","1","0.0073366844","0.0000000000","75.0000000000","0.0055025133","100.0000000000","0.0055025133","",""
"2025-04","2025-02","RoyalMotion IT","Songket","Tumi Nei - তুমি নেই","Tumi Nei - তুমি নেই","7316479834224","HUDHU2519856","RMITSK01","RMITSK01","Track","2652456.0000000000","6053962","612392","819897","669643","YouTube Content ID","Ad-Supported Streaming","Saudi Arabia","6","0.0013472500","0.0000000000","75.0000000000","0.0010104375","100.0000000000","0.0010104375","",""
"2025-04","2025-02","RoyalMotion IT","Dorshon","Priyo Bhul - প্রিয় ভুল","Priyo Bhul - প্রিয় ভুল","7316479786929","HUDHU2519799","RMITDS04","RMITDS04","Track","2644531.0000000000","6040966","612392","819897","669643","YouTube Content ID","Ad-Supported Streaming","United States","10","0.0072318000","0.0000000000","75.0000000000","0.0054238500","100.0000000000","0.0054238500","",""
"2025-04","2025-02","RoyalMotion IT","Songket","Tumi Nei - তুমি নেই","Tumi Nei - তুমি নেই","7316479834224","HUDHU2519856","RMITSK01","RMITSK01","Track","2652456.0000000000","6053962","612392","819897","669643","YouTube Content ID","Ad-Supported Streaming","Oman","3","0.0013672250","0.0000000000","75.0000000000","0.0010254187","100.0000000000","0.0010254187","",""
"2025-04","2025-02","RoyalMotion IT","Songket","Tumi Nei - তুমি নেই","Tumi Nei - তুমি নেই","7316479834224","HUDHU2519856","RMITSK01","RMITSK01","Track","2652456.0000000000","6053962","612392","819897","669643","YouTube Content ID","Ad-Supported Streaming","Bangladesh","278","0.0000879750","0.0000000000","75.0000000000","0.0000659812","100.0000000000","0.0000659812","",""
"2025-04","2025-02","RoyalMotion IT","Songket","Tumi Nei - তুমি নেই","Tumi Nei - তুমি নেই","7316479834224","HUDHU2519856","RMITSK01","RMITSK01","Track","2652456.0000000000","6053962","612392","819897","669643","YouTube Content ID","Ad-Supported Streaming","Qatar","3","0.0008563750","0.0000000000","75.0000000000","0.0006422812","100.0000000000","0.0006422812","",""
"2025-04","2025-02","RoyalMotion IT","Songket","Tumi Nei - তুমি নেই","Tumi Nei - তুমি নেই","7316479834224","HUDHU2519856","RMITSK01","RMITSK01","Track","2652456.0000000000","6053962","612392","819897","669643","YouTube Content ID","Ad-Supported Streaming","Malaysia","2","0.0002545750","0.0000000000","75.0000000000","0.0001909312","100.0000000000","0.0001909312","",""
"2025-04","2025-02","RoyalMotion IT","Dorshon","Priyo Bhul - প্রিয় ভুল","Priyo Bhul - প্রিয় ভুল","7316479786929","HUDHU2519799","RMITDS04","RMITDS04","Track","2644531.0000000000","6040966","612392","819897","669643","YouTube Content ID","Ad-Supported Streaming","Portugal","1","0.0011798000","0.0000000000","75.0000000000","0.0008848500","100.0000000000","0.0008848500","",""
"2025-04","2025-02","RoyalMotion IT","Dorshon","Priyo Bhul - প্রিয় ভুল","Priyo Bhul - প্রিয় ভুল","7316479786929","HUDHU2519799","RMITDS04","RMITDS04","Track","2644531.0000000000","6040966","612392","819897","669643","YouTube Content ID","Ad-Supported Streaming","Bangladesh","1356","0.0026554000","0.0000000000","75.0000000000","0.0019915500","100.0000000000","0.0019915500","",""
"2025-04","2025-02","RoyalMotion IT","Songket","Tumi Nei - তুমি নেই","Tumi Nei - তুমি নেই","7316479834224","HUDHU2519856","RMITSK01","RMITSK01","Track","2652456.0000000000","6053962","612392","819897","669643","YouTube Content ID","Ad-Supported Streaming","Malaysia","3","0.0012924250","0.0000000000","75.0000000000","0.0009693187","100.0000000000","0.0009693187","",""
"2025-04","2025-02","RoyalMotion IT","Songket","Tumi Nei - তুমি নেই","Tumi Nei - তুমি নেই","7316479834224","HUDHU2519856","RMITSK01","RMITSK01","Track","2652456.0000000000","6053962","612392","819897","669643","YouTube Content ID","Ad-Supported Streaming","Qatar","1","0.0000459000","0.0000000000","75.0000000000","0.0000344250","100.0000000000","0.0000344250","",""
"2025-04","2025-02","RoyalMotion IT","Dorshon","Priyo Bhul - প্রিয় ভুল","Priyo Bhul - প্রিয় ভুল","7316479786929","HUDHU2519799","RMITDS04","RMITDS04","Track","2644531.0000000000","6040966","612392","819897","669643","YouTube Music","Subscription Streaming","Bangladesh","2","0.0031507025","0.0000000000","75.0000000000","0.0023630269","100.0000000000","0.0023630269","",""
"2025-04","2025-02","RoyalMotion IT","Sajjad Ahmmed","College Er Baranday","College Er Baranday","7316479974821","HUDHU2519948","RMITSA01","RMITSA01","Track","2676994.0000000000","6104681","612392","819897","669643","YouTube Music","Subscription Streaming","India","1","0.0006470879","0.0000000000","75.0000000000","0.0004853159","100.0000000000","0.0004853159","",""
"2025-04","2025-02","RoyalMotion IT","Dorshon","Priyo Bhul - প্রিয় ভুল","Priyo Bhul - প্রিয় ভুল","7316479786929","HUDHU2519799","RMITDS04","RMITDS04","Track","2644531.0000000000","6040966","612392","819897","669643","YouTube Content ID","Ad-Supported Streaming","Saudi Arabia","15","0.0043796250","0.0000000000","75.0000000000","0.0032847187","100.0000000000","0.0032847187","",""
"2025-04","2025-02","RoyalMotion IT","Dorshon","Priyo Bhul - প্রিয় ভুল","Priyo Bhul - প্রিয় ভুল","7316479786929","HUDHU2519799","RMITDS04","RMITDS04","Track","2644531.0000000000","6040966","612392","819897","669643","YouTube Music","Ad-Supported Streaming","Bangladesh","6","0.0005093050","0.0000000000","75.0000000000","0.0003819788","100.0000000000","0.0003819788","",""
"2025-04","2025-02","RoyalMotion IT","Songket","Tumi Nei - তুমি নেই","Tumi Nei - তুমি নেই","7316479834224","HUDHU2519856","RMITSK01","RMITSK01","Track","2652456.0000000000","6053962","612392","819897","669643","YouTube Content ID","Ad-Supported Streaming","Bangladesh","497","0.0221008500","0.0000000000","75.0000000000","0.0165756375","100.0000000000","0.0165756375","",""
"2025-04","2025-02","RoyalMotion IT","Protikkha","Artonaad - আর্তনাদ","Artonaad - আর্তনাদ","198676813441","QZNWR2426793","RMITPK01","RMITPK01","Track","2643468.0000000000","6039354","612392","819897","669643","YouTube Content ID","Ad-Supported Streaming","Bangladesh","10","0.0004377500","0.0000000000","75.0000000000","0.0003283125","100.0000000000","0.0003283125","",""
"2025-04","2025-02","RoyalMotion IT","Obsedian Rifts","Bishad Rupantor - বিষাদ রুপান্তর","Bishad Rupantor - বিষাদ রুপান্তর","7316479968943","HUDHU2519932","RMITOR01","RMITOR01","Track","2676115.0000000000","6103462","612392","819897","669643","YouTube Music","Ad-Supported Streaming","United Kingdom","1","0.0035001538","0.0000000000","75.0000000000","0.0026251154","100.0000000000","0.0026251154","",""
"2025-04","2025-02","RoyalMotion IT","Obsedian Rifts","Bishad Rupantor - বিষাদ রুপান্তর","Bishad Rupantor - বিষাদ রুপান্তর","7316479968943","HUDHU2519932","RMITOR01","RMITOR01","Track","2676115.0000000000","6103462","612392","819897","669643","YouTube Music","Ad-Supported Streaming","Canada","1","0.0074750869","0.0000000000","75.0000000000","0.0056063152","100.0000000000","0.0056063152","",""
"2025-04","2025-02","RoyalMotion IT","Songket","Tumi Nei - তুমি নেই","Tumi Nei - তুমি নেই","7316479834224","HUDHU2519856","RMITSK01","RMITSK01","Track","2652456.0000000000","6053962","612392","819897","669643","YouTube Content ID","Ad-Supported Streaming","United Kingdom","1","0.0011254000","0.0000000000","75.0000000000","0.0008440500","100.0000000000","0.0008440500","",""
"2025-04","2025-02","RoyalMotion IT","Songket","Tumi Nei - তুমি নেই","Tumi Nei - তুমি নেই","7316479834224","HUDHU2519856","RMITSK01","RMITSK01","Track","2652456.0000000000","6053962","612392","819897","669643","YouTube Content ID","Ad-Supported Streaming","United Kingdom","5","0.0007123000","0.0000000000","75.0000000000","0.0005342250","100.0000000000","0.0005342250","",""
"2025-04","2025-02","RoyalMotion IT","Obsedian Rifts","Bishad Rupantor - বিষাদ রুপান্তর","Bishad Rupantor - বিষাদ রুপান্তর","7316479968943","HUDHU2519932","RMITOR01","RMITOR01","Track","2676115.0000000000","6103462","612392","819897","669643","YouTube Music","Ad-Supported Streaming","Malta","1","0.0022871087","0.0000000000","75.0000000000","0.0017153315","100.0000000000","0.0017153315","",""
"2025-04","2025-02","RoyalMotion IT","Songket","Tumi Nei - তুমি নেই","Tumi Nei - তুমি নেই","7316479834224","HUDHU2519856","RMITSK01","RMITSK01","Track","2652456.0000000000","6053962","612392","819897","669643","YouTube Music","Ad-Supported Streaming","Bangladesh","40","0.0030112450","0.0000000000","75.0000000000","0.0022584338","100.0000000000","0.0022584338","",""
"2025-04","2025-02","RoyalMotion IT","Obsedian Rifts","Bishad Rupantor - বিষাদ রুপান্তর","Bishad Rupantor - বিষাদ রুপান্তর","7316479968943","HUDHU2519932","RMITOR01","RMITOR01","Track","2676115.0000000000","6103462","612392","819897","669643","YouTube Content ID","Ad-Supported Streaming","South Africa","1","0.0001538500","0.0000000000","75.0000000000","0.0001153875","100.0000000000","0.0001153875","",""
"2025-04","2025-02","RoyalMotion IT","Salehin I Apon","Icarus Er Dana","Icarus Er Dana","7316479983168","HUDHU2519985","RMITSIA01","RMITSIA01","Track","2677767.0000000000","6105967","612392","819897","669643","YouTube Content ID","Ad-Supported Streaming","Germany","4","0.0007862500","0.0000000000","75.0000000000","0.0005896875","100.0000000000","0.0005896875","",""
"2025-04","2025-02","RoyalMotion IT","Songket","Tumi Nei - তুমি নেই","Tumi Nei - তুমি নেই","7316479834224","HUDHU2519856","RMITSK01","RMITSK01","Track","2652456.0000000000","6053962","612392","819897","669643","YouTube Content ID","Subscription Streaming","Romania","1","0.0031210090","0.0000000000","75.0000000000","0.0023407568","100.0000000000","0.0023407568","",""
"2025-04","2025-02","RoyalMotion IT","Dorshon","Priyo Bhul - প্রিয় ভুল","Priyo Bhul - প্রিয় ভুল","7316479786929","HUDHU2519799","RMITDS04","RMITDS04","Track","2644531.0000000000","6040966","612392","819897","669643","YouTube Music","Ad-Supported Streaming","Saudi Arabia","1","0.0193610825","0.0000000000","75.0000000000","0.0145208119","100.0000000000","0.0145208119","",""
"2025-04","2025-02","RoyalMotion IT","Songket","Tumi Nei - তুমি নেই","Tumi Nei - তুমি নেই","7316479834224","HUDHU2519856","RMITSK01","RMITSK01","Track","2652456.0000000000","6053962","612392","819897","669643","Snap","Claimed UGC","Pakistan","3","0.0004202647","0.0000000000","75.0000000000","0.0003151985","100.0000000000","0.0003151985","",""
"2025-04","2025-02","RoyalMotion IT","Obsedian Rifts","Bishad Rupantor - বিষাদ রুপান্তর","Bishad Rupantor - বিষাদ রুপান্তর","7316479968943","HUDHU2519932","RMITOR01","RMITOR01","Track","2676115.0000000000","6103462","612392","819897","669643","YouTube Music","Subscription Streaming","Bangladesh","4","0.0051406448","0.0000000000","75.0000000000","0.0038554836","100.0000000000","0.0038554836","",""
"2025-04","2025-02","RoyalMotion IT","Obsedian Rifts","Bishad Rupantor - বিষাদ রুপান্তর","Bishad Rupantor - বিষাদ রুপান্তর","7316479968943","HUDHU2519932","RMITOR01","RMITOR01","Track","2676115.0000000000","6103462","612392","819897","669643","YouTube Music","Ad-Supported Streaming","Lebanon","1","0.0002667931","0.0000000000","75.0000000000","0.0002000948","100.0000000000","0.0002000948","",""
"2025-04","2025-02","RoyalMotion IT","Obsedian Rifts","Bishad Rupantor - বিষাদ রুপান্তর","Bishad Rupantor - বিষাদ রুপান্তর","7316479968943","HUDHU2519932","RMITOR01","RMITOR01","Track","2676115.0000000000","6103462","612392","819897","669643","YouTube Music","Subscription Streaming","Malaysia","1","0.0039389553","0.0000000000","75.0000000000","0.0029542165","100.0000000000","0.0029542165","",""
"2025-04","2025-02","RoyalMotion IT","Songket","Tumi Nei - তুমি নেই","Tumi Nei - তুমি নেই","7316479834224","HUDHU2519856","RMITSK01","RMITSK01","Track","2652456.0000000000","6053962","612392","819897","669643","Snap","Claimed UGC","India","7","0.0002458398","0.0000000000","75.0000000000","0.0001843798","100.0000000000","0.0001843798","",""
"2025-04","2025-02","RoyalMotion IT","Dorshon","Priyo Bhul - প্রিয় ভুল","Priyo Bhul - প্রিয় ভুল","7316479786929","HUDHU2519799","RMITDS04","RMITDS04","Track","2644531.0000000000","6040966","612392","819897","669643","YouTube Content ID","Ad-Supported Streaming","Kuwait","5","0.0004275500","0.0000000000","75.0000000000","0.0003206625","100.0000000000","0.0003206625","",""
"2025-04","2025-02","RoyalMotion IT","Songket","Tumi Nei - তুমি নেই","Tumi Nei - তুমি নেই","7316479834224","HUDHU2519856","RMITSK01","RMITSK01","Track","2652456.0000000000","6053962","612392","819897","669643","YouTube Content ID","Ad-Supported Streaming","France","1","0.0001908250","0.0000000000","75.0000000000","0.0001431188","100.0000000000","0.0001431188","",""
"2025-04","2025-02","RoyalMotion IT","Dorshon","Priyo Bhul - প্রিয় ভুল","Priyo Bhul - প্রিয় ভুল","7316479786929","HUDHU2519799","RMITDS04","RMITDS04","Track","2644531.0000000000","6040966","612392","819897","669643","YouTube Content ID","Ad-Supported Streaming","United Kingdom","3","0.0005495250","0.0000000000","75.0000000000","0.0004121438","100.0000000000","0.0004121438","",""
"2025-04","2025-02","RoyalMotion IT","Songket","Tumi Nei - তুমি নেই","Tumi Nei - তুমি নেই","7316479834224","HUDHU2519856","RMITSK01","RMITSK01","Track","2652456.0000000000","6053962","612392","819897","669643","YouTube Content ID","Ad-Supported Streaming","Italy","1","0.0025920750","0.0000000000","75.0000000000","0.0019440563","100.0000000000","0.0019440563","",""
"2025-04","2025-02","RoyalMotion IT","Protikkha","Artonaad - আর্তনাদ","Artonaad - আর্তনাদ","198676813441","QZNWR2426793","RMITPK01","RMITPK01","Track","2643468.0000000000","6039354","612392","819897","669643","YouTube Music","Ad-Supported Streaming","Malaysia","6","0.0008762294","0.0000000000","75.0000000000","0.0006571721","100.0000000000","0.0006571721","",""
"2025-04","2025-02","RoyalMotion IT","Obsedian Rifts","Bishad Rupantor - বিষাদ রুপান্তর","Bishad Rupantor - বিষাদ রুপান্তর","7316479968943","HUDHU2519932","RMITOR01","RMITOR01","Track","2676115.0000000000","6103462","612392","819897","669643","YouTube Music","Ad-Supported Streaming","United States","4","0.0476858313","0.0000000000","75.0000000000","0.0357643735","100.0000000000","0.0357643735","",""
"2025-04","2025-02","RoyalMotion IT","Obsedian Rifts","Bishad Rupantor - বিষাদ রুপান্তর","Bishad Rupantor - বিষাদ রুপান্তর","7316479968943","HUDHU2519932","RMITOR01","RMITOR01","Track","2676115.0000000000","6103462","612392","819897","669643","YouTube Content ID","Ad-Supported Streaming","South Korea","2","0.0003935500","0.0000000000","75.0000000000","0.0002951625","100.0000000000","0.0002951625","",""
"2025-04","2025-02","RoyalMotion IT","Songket","Tumi Nei - তুমি নেই","Tumi Nei - তুমি নেই","7316479834224","HUDHU2519856","RMITSK01","RMITSK01","Track","2652456.0000000000","6053962","612392","819897","669643","YouTube Music","Ad-Supported Streaming","Bangladesh","6","0.0004101913","0.0000000000","75.0000000000","0.0003076435","100.0000000000","0.0003076435","",""
"2025-04","2025-02","RoyalMotion IT","Salehin I Apon","Icarus Er Dana","Icarus Er Dana","7316479983168","HUDHU2519985","RMITSIA01","RMITSIA01","Track","2677767.0000000000","6105967","612392","819897","669643","YouTube Content ID","Ad-Supported Streaming","Australia","1","0.0037582750","0.0000000000","75.0000000000","0.0028187062","100.0000000000","0.0028187062","",""
"2025-04","2025-02","RoyalMotion IT","Obsedian Rifts","Bishad Rupantor - বিষাদ রুপান্তর","Bishad Rupantor - বিষাদ রুপান্তর","7316479968943","HUDHU2519932","RMITOR01","RMITOR01","Track","2676115.0000000000","6103462","612392","819897","669643","YouTube Content ID","Ad-Supported Streaming","Italy","2","0.0002312000","0.0000000000","75.0000000000","0.0001734000","100.0000000000","0.0001734000","",""
"2025-04","2025-02","RoyalMotion IT","Protikkha","Artonaad - আর্তনাদ","Artonaad - আর্তনাদ","198676813441","QZNWR2426793","RMITPK01","RMITPK01","Track","2643468.0000000000","6039354","612392","819897","669643","YouTube Music","Ad-Supported Streaming","Kuwait","3","0.0014852262","0.0000000000","75.0000000000","0.0011139196","100.0000000000","0.0011139196","",""
"2025-04","2025-02","RoyalMotion IT","Salehin I Apon","Icarus Er Dana","Icarus Er Dana","7316479983168","HUDHU2519985","RMITSIA01","RMITSIA01","Track","2677767.0000000000","6105967","612392","819897","669643","YouTube Content ID","Ad-Supported Streaming","Bangladesh","66","0.0002864500","0.0000000000","75.0000000000","0.0002148375","100.0000000000","0.0002148375","",""
"2025-04","2025-02","RoyalMotion IT","Obsedian Rifts","Bishad Rupantor - বিষাদ রুপান্তর","Bishad Rupantor - বিষাদ রুপান্তর","7316479968943","HUDHU2519932","RMITOR01","RMITOR01","Track","2676115.0000000000","6103462","612392","819897","669643","YouTube Music","Ad-Supported Streaming","India","235","0.0094146963","0.0000000000","75.0000000000","0.0070610222","100.0000000000","0.0070610222","",""
"2025-04","2025-02","RoyalMotion IT","Dorshon","Priyo Bhul - প্রিয় ভুল","Priyo Bhul - প্রিয় ভুল","7316479786929","HUDHU2519799","RMITDS04","RMITDS04","Track","2644531.0000000000","6040966","612392","819897","669643","YouTube Content ID","Ad-Supported Streaming","Bangladesh","1349","0.0043596500","0.0000000000","75.0000000000","0.0032697375","100.0000000000","0.0032697375","",""
"2025-04","2025-02","RoyalMotion IT","Protikkha","Artonaad - আর্তনাদ","Artonaad - আর্তনাদ","198676813441","QZNWR2426793","RMITPK01","RMITPK01","Track","2643468.0000000000","6039354","612392","819897","669643","YouTube Music","Ad-Supported Streaming","Bangladesh","5","0.0003814931","0.0000000000","75.0000000000","0.0002861198","100.0000000000","0.0002861198","",""
"2025-04","2025-02","RoyalMotion IT","Songket","Tumi Nei - তুমি নেই","Tumi Nei - তুমি নেই","7316479834224","HUDHU2519856","RMITSK01","RMITSK01","Track","2652456.0000000000","6053962","612392","819897","669643","YouTube Music","Ad-Supported Streaming","Kuwait","1","0.0009778175","0.0000000000","75.0000000000","0.0007333631","100.0000000000","0.0007333631","",""
"2025-04","2025-02","RoyalMotion IT","Purnoy Hoq","Pera Nai Chill 2","Pera Nai Chill 2","198668899415","QZTAS2488692","RMITPH01","RMITPH01","Track","2604014.0000000000","5956078","612392","819897","669643","YouTube Music","Ad-Supported Streaming","Bangladesh","1","0.0002687356","0.0000000000","75.0000000000","0.0002015517","100.0000000000","0.0002015517","",""
"2025-04","2025-02","RoyalMotion IT","Protikkha","Artonaad - আর্তনাদ","Artonaad - আর্তনাদ","198676813441","QZNWR2426793","RMITPK01","RMITPK01","Track","2643468.0000000000","6039354","612392","819897","669643","YouTube Music","Subscription Streaming","India","1","0.0005863215","0.0000000000","75.0000000000","0.0004397411","100.0000000000","0.0004397411","",""
"2025-04","2025-02","RoyalMotion IT","Protikkha","Artonaad - আর্তনাদ","Artonaad - আর্তনাদ","198676813441","QZNWR2426793","RMITPK01","RMITPK01","Track","2643468.0000000000","6039354","612392","819897","669643","YouTube Music","Subscription Streaming","United States","1","0.0079769330","0.0000000000","75.0000000000","0.0059826997","100.0000000000","0.0059826997","",""
"2025-04","2025-02","RoyalMotion IT","Obsedian Rifts","Bishad Rupantor - বিষাদ রুপান্তর","Bishad Rupantor - বিষাদ রুপান্তর","7316479968943","HUDHU2519932","RMITOR01","RMITOR01","Track","2676115.0000000000","6103462","612392","819897","669643","YouTube Music","Ad-Supported Streaming","Singapore","10","0.0199510938","0.0000000000","75.0000000000","0.0149633203","100.0000000000","0.0149633203","",""
"2025-04","2025-02","RoyalMotion IT","Dorshon","Priyo Bhul - প্রিয় ভুল","Priyo Bhul - প্রিয় ভুল","7316479786929","HUDHU2519799","RMITDS04","RMITDS04","Track","2644531.0000000000","6040966","612392","819897","669643","YouTube Content ID","Ad-Supported Streaming","Bangladesh","31","0.0006553500","0.0000000000","75.0000000000","0.0004915125","100.0000000000","0.0004915125","",""
"2025-04","2025-02","RoyalMotion IT","Songket","Tumi Nei - তুমি নেই","Tumi Nei - তুমি নেই","7316479834224","HUDHU2519856","RMITSK01","RMITSK01","Track","2652456.0000000000","6053962","612392","819897","669643","YouTube Content ID","Ad-Supported Streaming","Bangladesh","859","0.0189868750","0.0000000000","75.0000000000","0.0142401563","100.0000000000","0.0142401563","",""
"2025-04","2025-02","RoyalMotion IT","Protikkha","Artonaad - আর্তনাদ","Artonaad - আর্তনাদ","198676813441","QZNWR2426793","RMITPK01","RMITPK01","Track","2643468.0000000000","6039354","612392","819897","669643","YouTube Music","Ad-Supported Streaming","India","52","0.0034379475","0.0000000000","75.0000000000","0.0025784606","100.0000000000","0.0025784606","",""
"2025-04","2025-02","RoyalMotion IT","Obsedian Rifts","Bishad Rupantor - বিষাদ রুপান্তর","Bishad Rupantor - বিষাদ রুপান্তর","7316479968943","HUDHU2519932","RMITOR01","RMITOR01","Track","2676115.0000000000","6103462","612392","819897","669643","YouTube Music","Ad-Supported Streaming","Bangladesh","702","0.0738600706","0.0000000000","75.0000000000","0.0553950529","100.0000000000","0.0553950529","",""
"2025-04","2025-02","RoyalMotion IT","Protikkha","Artonaad - আর্তনাদ","Artonaad - আর্তনাদ","198676813441","QZNWR2426793","RMITPK01","RMITPK01","Track","2643468.0000000000","6039354","612392","819897","669643","YouTube Music","Ad-Supported Streaming","United Arab Emirates","5","0.0004237887","0.0000000000","75.0000000000","0.0003178415","100.0000000000","0.0003178415","",""
"2025-04","2025-02","RoyalMotion IT","Songket","Tumi Nei - তুমি নেই","Tumi Nei - তুমি নেই","7316479834224","HUDHU2519856","RMITSK01","RMITSK01","Track","2652456.0000000000","6053962","612392","819897","669643","YouTube Content ID","Ad-Supported Streaming","India","8","0.0007752000","0.0000000000","75.0000000000","0.0005814000","100.0000000000","0.0005814000","",""
"2025-04","2025-02","RoyalMotion IT","Dorshon","Priyo Bhul - প্রিয় ভুল","Priyo Bhul - প্রিয় ভুল","7316479786929","HUDHU2519799","RMITDS04","RMITDS04","Track","2644531.0000000000","6040966","612392","819897","669643","YouTube Content ID","Ad-Supported Streaming","Italy","2","0.0014930250","0.0000000000","75.0000000000","0.0011197687","100.0000000000","0.0011197687","",""
"2025-04","2025-02","RoyalMotion IT","Dorshon","Priyo Bhul - প্রিয় ভুল","Priyo Bhul - প্রিয় ভুল","7316479786929","HUDHU2519799","RMITDS04","RMITDS04","Track","2644531.0000000000","6040966","612392","819897","669643","YouTube Content ID","Subscription Streaming","Bangladesh","2","0.0065532813","0.0000000000","75.0000000000","0.0049149610","100.0000000000","0.0049149610","",""
"2025-04","2025-02","RoyalMotion IT","Dorshon","Priyo Bhul - প্রিয় ভুল","Priyo Bhul - প্রিয় ভুল","7316479786929","HUDHU2519799","RMITDS04","RMITDS04","Track","2644531.0000000000","6040966","612392","819897","669643","YouTube Content ID","Subscription Streaming","Saudi Arabia","3","0.0073366844","0.0000000000","75.0000000000","0.0055025133","100.0000000000","0.0055025133","",""
"2025-04","2025-02","RoyalMotion IT","Atik S","Vedu Dey - ভেডু দেয়","Vedu Dey - ভেডু দেয়","7316479753358","HUDHU2519759","RMITAS01","RMITAS01","Track","2639664.0000000000","6032807","612392","819897","669643","YouTube Music","Ad-Supported Streaming","Bangladesh","3","0.0001861331","0.0000000000","75.0000000000","0.0001395998","100.0000000000","0.0001395998","",""
"2025-04","2025-02","RoyalMotion IT","Obsedian Rifts","Bishad Rupantor - বিষাদ রুপান্তর","Bishad Rupantor - বিষাদ রুপান্তর","7316479968943","HUDHU2519932","RMITOR01","RMITOR01","Track","2676115.0000000000","6103462","612392","819897","669643","YouTube Content ID","Subscription Streaming","Bangladesh","2","0.0065532813","0.0000000000","75.0000000000","0.0049149610","100.0000000000","0.0049149610","",""
"2025-04","2025-02","RoyalMotion IT","Shorov Shimanto","Semana 9100","Semana 9100","7316479863965","HUDHU2519870","RMITSS01","RMITSS01","Track","2656546.0000000000","6060653","612392","819897","669643","YouTube Content ID","Ad-Supported Streaming","United Arab Emirates","1","0.0014590250","0.0000000000","75.0000000000","0.0010942688","100.0000000000","0.0010942688","",""
"2025-04","2025-02","RoyalMotion IT","Songket","Tumi Nei - তুমি নেই","Tumi Nei - তুমি নেই","7316479834224","HUDHU2519856","RMITSK01","RMITSK01","Track","2652456.0000000000","6053962","612392","819897","669643","YouTube Content ID","Ad-Supported Streaming","Canada","1","0.0012048750","0.0000000000","75.0000000000","0.0009036563","100.0000000000","0.0009036563","",""
"2025-04","2025-02","RoyalMotion IT","Obsedian Rifts","Bishad Rupantor - বিষাদ রুপান্তর","Bishad Rupantor - বিষাদ রুপান্তর","7316479968943","HUDHU2519932","RMITOR01","RMITOR01","Track","2676115.0000000000","6103462","612392","819897","669643","YouTube Music","Ad-Supported Streaming","Oman","9","0.0041280437","0.0000000000","75.0000000000","0.0030960328","100.0000000000","0.0030960328","",""
"2025-04","2025-02","RoyalMotion IT","Protikkha","Artonaad - আর্তনাদ","Artonaad - আর্তনাদ","198676813441","QZNWR2426793","RMITPK01","RMITPK01","Track","2643468.0000000000","6039354","612392","819897","669643","YouTube Music","Ad-Supported Streaming","Australia","1","0.0013248313","0.0000000000","75.0000000000","0.0009936235","100.0000000000","0.0009936235","",""
"2025-04","2025-02","RoyalMotion IT","Songket","Tumi Nei - তুমি নেই","Tumi Nei - তুমি নেই","7316479834224","HUDHU2519856","RMITSK01","RMITSK01","Track","2652456.0000000000","6053962","612392","819897","669643","YouTube Content ID","Ad-Supported Streaming","Qatar","1","0.0000939250","0.0000000000","75.0000000000","0.0000704438","100.0000000000","0.0000704438","",""
"2025-04","2025-02","RoyalMotion IT","Protikkha","Artonaad - আর্তনাদ","Artonaad - আর্তনাদ","198676813441","QZNWR2426793","RMITPK01","RMITPK01","Track","2643468.0000000000","6039354","612392","819897","669643","YouTube Content ID","Ad-Supported Streaming","Bangladesh","4","0.0005074500","0.0000000000","75.0000000000","0.0003805875","100.0000000000","0.0003805875","",""
"2025-04","2025-02","RoyalMotion IT","Songket","Tumi Nei - তুমি নেই","Tumi Nei - তুমি নেই","7316479834224","HUDHU2519856","RMITSK01","RMITSK01","Track","2652456.0000000000","6053962","612392","819897","669643","YouTube Content ID","Ad-Supported Streaming","Canada","1","0.0005899000","0.0000000000","75.0000000000","0.0004424250","100.0000000000","0.0004424250","",""
"2025-04","2025-02","RoyalMotion IT","Dorshon","Priyo Bhul - প্রিয় ভুল","Priyo Bhul - প্রিয় ভুল","7316479786929","HUDHU2519799","RMITDS04","RMITDS04","Track","2644531.0000000000","6040966","612392","819897","669643","YouTube Content ID","Ad-Supported Streaming","Iraq","1","0.0000624750","0.0000000000","75.0000000000","0.0000468562","100.0000000000","0.0000468562","",""
"2025-04","2025-02","RoyalMotion IT","Dorshon","Priyo Bhul - প্রিয় ভুল","Priyo Bhul - প্রিয় ভুল","7316479786929","HUDHU2519799","RMITDS04","RMITDS04","Track","2644531.0000000000","6040966","612392","819897","669643","YouTube Music","Ad-Supported Streaming","United States","1","0.0008237819","0.0000000000","75.0000000000","0.0006178364","100.0000000000","0.0006178364","",""
"2025-04","2025-02","RoyalMotion IT","Shorov Shimanto","Semana 9100","Semana 9100","7316479863965","HUDHU2519870","RMITSS01","RMITSS01","Track","2656546.0000000000","6060653","612392","819897","669643","YouTube Content ID","Subscription Streaming","Bangladesh","1","0.0014476201","0.0000000000","75.0000000000","0.0010857151","100.0000000000","0.0010857151","",""
"2025-04","2025-02","RoyalMotion IT","Songket","Tumi Nei - তুমি নেই","Tumi Nei - তুমি নেই","7316479834224","HUDHU2519856","RMITSK01","RMITSK01","Track","2652456.0000000000","6053962","612392","819897","669643","YouTube Content ID","Ad-Supported Streaming","United Arab Emirates","1","0.0008296000","0.0000000000","75.0000000000","0.0006222000","100.0000000000","0.0006222000","",""
"2025-04","2025-02","RoyalMotion IT","Songket","Tumi Nei - তুমি নেই","Tumi Nei - তুমি নেই","7316479834224","HUDHU2519856","RMITSK01","RMITSK01","Track","2652456.0000000000","6053962","612392","819897","669643","YouTube Content ID","Ad-Supported Streaming","Saudi Arabia","15","0.0107078750","0.0000000000","75.0000000000","0.0080309063","100.0000000000","0.0080309063","",""
"2025-04","2025-02","RoyalMotion IT","Dorshon","Priyo Bhul - প্রিয় ভুল","Priyo Bhul - প্রিয় ভুল","7316479786929","HUDHU2519799","RMITDS04","RMITDS04","Track","2644531.0000000000","6040966","612392","819897","669643","YouTube Music","Ad-Supported Streaming","Bangladesh","22","0.0010487650","0.0000000000","75.0000000000","0.0007865737","100.0000000000","0.0007865737","",""
"2025-04","2025-02","RoyalMotion IT","Protikkha","Artonaad - আর্তনাদ","Artonaad - আর্তনাদ","198676813441","QZNWR2426793","RMITPK01","RMITPK01","Track","2643468.0000000000","6039354","612392","819897","669643","YouTube Music","Subscription Streaming","United States","2","0.0058747379","0.0000000000","75.0000000000","0.0044060534","100.0000000000","0.0044060534","",""
"2025-04","2025-02","RoyalMotion IT","Songket","Tumi Nei - তুমি নেই","Tumi Nei - তুমি নেই","7316479834224","HUDHU2519856","RMITSK01","RMITSK01","Track","2652456.0000000000","6053962","612392","819897","669643","YouTube Content ID","Ad-Supported Streaming","Malaysia","1","0.0012329250","0.0000000000","75.0000000000","0.0009246937","100.0000000000","0.0009246937","",""
"2025-04","2025-02","RoyalMotion IT","Songket","Tumi Nei - তুমি নেই","Tumi Nei - তুমি নেই","7316479834224","HUDHU2519856","RMITSK01","RMITSK01","Track","2652456.0000000000","6053962","612392","819897","669643","YouTube Content ID","Subscription Streaming","Kuwait","1","0.0086749039","0.0000000000","75.0000000000","0.0065061779","100.0000000000","0.0065061779","",""
"2025-04","2025-02","RoyalMotion IT","Dorshon","Priyo Bhul - প্রিয় ভুল","Priyo Bhul - প্রিয় ভুল","7316479786929","HUDHU2519799","RMITDS04","RMITDS04","Track","2644531.0000000000","6040966","612392","819897","669643","YouTube Content ID","Ad-Supported Streaming","South Africa","1","0.0000624750","0.0000000000","75.0000000000","0.0000468562","100.0000000000","0.0000468562","",""
"2025-04","2025-02","RoyalMotion IT","Songket","Tumi Nei - তুমি নেই","Tumi Nei - তুমি নেই","7316479834224","HUDHU2519856","RMITSK01","RMITSK01","Track","2652456.0000000000","6053962","612392","819897","669643","YouTube Content ID","Ad-Supported Streaming","United Arab Emirates","4","0.0037650750","0.0000000000","75.0000000000","0.0028238062","100.0000000000","0.0028238062","",""
"2025-04","2025-02","RoyalMotion IT","Obsedian Rifts","Bishad Rupantor - বিষাদ রুপান্তর","Bishad Rupantor - বিষাদ রুপান্তর","7316479968943","HUDHU2519932","RMITOR01","RMITOR01","Track","2676115.0000000000","6103462","612392","819897","669643","YouTube Music","Ad-Supported Streaming","Kuwait","4","0.0017943150","0.0000000000","75.0000000000","0.0013457363","100.0000000000","0.0013457363","",""
"2025-04","2025-02","RoyalMotion IT","Dorshon","Priyo Bhul - প্রিয় ভুল","Priyo Bhul - প্রিয় ভুল","7316479786929","HUDHU2519799","RMITDS04","RMITDS04","Track","2644531.0000000000","6040966","612392","819897","669643","YouTube Content ID","Ad-Supported Streaming","Malaysia","3","0.0000735250","0.0000000000","75.0000000000","0.0000551438","100.0000000000","0.0000551438","",""
"2025-04","2025-02","RoyalMotion IT","Obsedian Rifts","Bishad Rupantor - বিষাদ রুপান্তর","Bishad Rupantor - বিষাদ রুপান্তর","7316479968943","HUDHU2519932","RMITOR01","RMITOR01","Track","2676115.0000000000","6103462","612392","819897","669643","YouTube Music","Ad-Supported Streaming","Singapore","20","0.0240771487","0.0000000000","75.0000000000","0.0180578615","100.0000000000","0.0180578615","",""
"2025-04","2025-02","RoyalMotion IT","Songket","Tumi Nei - তুমি নেই","Tumi Nei - তুমি নেই","7316479834224","HUDHU2519856","RMITSK01","RMITSK01","Track","2652456.0000000000","6053962","612392","819897","669643","YouTube Content ID","Ad-Supported Streaming","India","7","0.0003922750","0.0000000000","75.0000000000","0.0002942063","100.0000000000","0.0002942063","",""
"2025-04","2025-02","RoyalMotion IT","Protikkha","Artonaad - আর্তনাদ","Artonaad - আর্তনাদ","198676813441","QZNWR2426793","RMITPK01","RMITPK01","Track","2643468.0000000000","6039354","612392","819897","669643","YouTube Music","Subscription Streaming","India","2","0.0012951009","0.0000000000","75.0000000000","0.0009713257","100.0000000000","0.0009713257","",""
"2025-04","2025-02","RoyalMotion IT","Obsedian Rifts","Bishad Rupantor - বিষাদ রুপান্তর","Bishad Rupantor - বিষাদ রুপান্তর","7316479968943","HUDHU2519932","RMITOR01","RMITOR01","Track","2676115.0000000000","6103462","612392","819897","669643","YouTube Music","Ad-Supported Streaming","South Africa","3","0.0008218394","0.0000000000","75.0000000000","0.0006163795","100.0000000000","0.0006163795","",""
"2025-04","2025-02","RoyalMotion IT","Dorshon","Priyo Bhul - প্রিয় ভুল","Priyo Bhul - প্রিয় ভুল","7316479786929","HUDHU2519799","RMITDS04","RMITDS04","Track","2644531.0000000000","6040966","612392","819897","669643","YouTube Content ID","Ad-Supported Streaming","Malaysia","7","0.0001955000","0.0000000000","75.0000000000","0.0001466250","100.0000000000","0.0001466250","",""
"2025-04","2025-02","RoyalMotion IT","Songket","Tumi Nei - তুমি নেই","Tumi Nei - তুমি নেই","7316479834224","HUDHU2519856","RMITSK01","RMITSK01","Track","2652456.0000000000","6053962","612392","819897","669643","YouTube Content ID","Ad-Supported Streaming","Bangladesh","160","0.0102450500","0.0000000000","75.0000000000","0.0076837875","100.0000000000","0.0076837875","",""
"2025-04","2025-02","RoyalMotion IT","Salehin I Apon","Icarus Er Dana","Icarus Er Dana","7316479983168","HUDHU2519985","RMITSIA01","RMITSIA01","Track","2677767.0000000000","6105967","612392","819897","669643","YouTube Content ID","Ad-Supported Streaming","Canada","2","0.0001249500","0.0000000000","75.0000000000","0.0000937125","100.0000000000","0.0000937125","",""
"2025-04","2025-02","RoyalMotion IT","Dorshon","Priyo Bhul - প্রিয় ভুল","Priyo Bhul - প্রিয় ভুল","7316479786929","HUDHU2519799","RMITDS04","RMITDS04","Track","2644531.0000000000","6040966","612392","819897","669643","YouTube Music","Ad-Supported Streaming","India","5","0.0014920250","0.0000000000","75.0000000000","0.0011190187","100.0000000000","0.0011190187","",""
"2025-04","2025-02","RoyalMotion IT","Salehin I Apon","Icarus Er Dana","Icarus Er Dana","7316479983168","HUDHU2519985","RMITSIA01","RMITSIA01","Track","2677767.0000000000","6105967","612392","819897","669643","YouTube Content ID","Ad-Supported Streaming","Bangladesh","100","0.0001126250","0.0000000000","75.0000000000","0.0000844687","100.0000000000","0.0000844687","",""
"2025-04","2025-02","RoyalMotion IT","Songket","Tumi Nei - তুমি নেই","Tumi Nei - তুমি নেই","7316479834224","HUDHU2519856","RMITSK01","RMITSK01","Track","2652456.0000000000","6053962","612392","819897","669643","YouTube Content ID","Ad-Supported Streaming","India","12","0.0022329500","0.0000000000","75.0000000000","0.0016747125","100.0000000000","0.0016747125","",""
"2025-04","2025-02","RoyalMotion IT","Dorshon","Priyo Bhul - প্রিয় ভুল","Priyo Bhul - প্রিয় ভুল","7316479786929","HUDHU2519799","RMITDS04","RMITDS04","Track","2644531.0000000000","6040966","612392","819897","669643","YouTube Content ID","Ad-Supported Streaming","Saudi Arabia","44","0.0054153500","0.0000000000","75.0000000000","0.0040615125","100.0000000000","0.0040615125","",""
"2025-04","2025-02","RoyalMotion IT","Protikkha","Artonaad - আর্তনাদ","Artonaad - আর্তনাদ","198676813441","QZNWR2426793","RMITPK01","RMITPK01","Track","2643468.0000000000","6039354","612392","819897","669643","YouTube Music","Subscription Streaming","India","1","0.0014355729","0.0000000000","75.0000000000","0.0010766797","100.0000000000","0.0010766797","",""
"2025-04","2025-02","RoyalMotion IT","Obsedian Rifts","Bishad Rupantor - বিষাদ রুপান্তর","Bishad Rupantor - বিষাদ রুপান্তর","7316479968943","HUDHU2519932","RMITOR01","RMITOR01","Track","2676115.0000000000","6103462","612392","819897","669643","YouTube Music","Ad-Supported Streaming","Italy","2","0.0025475887","0.0000000000","75.0000000000","0.0019106915","100.0000000000","0.0019106915","",""
"2025-04","2025-02","RoyalMotion IT","Obsedian Rifts","Bishad Rupantor - বিষাদ রুপান্তর","Bishad Rupantor - বিষাদ রুপান্তর","7316479968943","HUDHU2519932","RMITOR01","RMITOR01","Track","2676115.0000000000","6103462","612392","819897","669643","YouTube Music","Ad-Supported Streaming","Italy","29","0.0234118194","0.0000000000","75.0000000000","0.0175588646","100.0000000000","0.0175588646","",""
"2025-04","2025-02","RoyalMotion IT","Songket","Tumi Nei - তুমি নেই","Tumi Nei - তুমি নেই","7316479834224","HUDHU2519856","RMITSK01","RMITSK01","Track","2652456.0000000000","6053962","612392","819897","669643","YouTube Content ID","Ad-Supported Streaming","Oman","2","0.0000633250","0.0000000000","75.0000000000","0.0000474937","100.0000000000","0.0000474937","",""
"2025-04","2025-02","RoyalMotion IT","Dorshon","Priyo Bhul - প্রিয় ভুল","Priyo Bhul - প্রিয় ভুল","7316479786929","HUDHU2519799","RMITDS04","RMITDS04","Track","2644531.0000000000","6040966","612392","819897","669643","YouTube Content ID","Ad-Supported Streaming","Ireland","1","0.0024118750","0.0000000000","75.0000000000","0.0018089062","100.0000000000","0.0018089062","",""
"2025-04","2025-02","RoyalMotion IT","Protikkha","Artonaad - আর্তনাদ","Artonaad - আর্তনাদ","198676813441","QZNWR2426793","RMITPK01","RMITPK01","Track","2643468.0000000000","6039354","612392","819897","669643","YouTube Music","Ad-Supported Streaming","Bangladesh","2","0.0002094894","0.0000000000","75.0000000000","0.0001571170","100.0000000000","0.0001571170","",""
"2025-04","2025-02","RoyalMotion IT","Songket","Tumi Nei - তুমি নেই","Tumi Nei - তুমি নেই","7316479834224","HUDHU2519856","RMITSK01","RMITSK01","Track","2652456.0000000000","6053962","612392","819897","669643","YouTube Content ID","Ad-Supported Streaming","Kuwait","1","0.0004241500","0.0000000000","75.0000000000","0.0003181125","100.0000000000","0.0003181125","",""
"2025-04","2025-02","RoyalMotion IT","Songket","Tumi Nei - তুমি নেই","Tumi Nei - তুমি নেই","7316479834224","HUDHU2519856","RMITSK01","RMITSK01","Track","2652456.0000000000","6053962","612392","819897","669643","YouTube Content ID","Ad-Supported Streaming","Singapore","2","0.0015576250","0.0000000000","75.0000000000","0.0011682187","100.0000000000","0.0011682187","",""
"2025-04","2025-02","RoyalMotion IT","Protikkha","Artonaad - আর্তনাদ","Artonaad - আর্তনাদ","198676813441","QZNWR2426793","RMITPK01","RMITPK01","Track","2643468.0000000000","6039354","612392","819897","669643","YouTube Music","Ad-Supported Streaming","Thailand","1","0.0002701925","0.0000000000","75.0000000000","0.0002026444","100.0000000000","0.0002026444","",""
"2025-04","2025-02","RoyalMotion IT","Obsedian Rifts","Bishad Rupantor - বিষাদ রুপান্তর","Bishad Rupantor - বিষাদ রুপান্তর","7316479968943","HUDHU2519932","RMITOR01","RMITOR01","Track","2676115.0000000000","6103462","612392","819897","669643","YouTube Music","Ad-Supported Streaming","Qatar","14","0.0007800294","0.0000000000","75.0000000000","0.0005850221","100.0000000000","0.0005850221","",""
"2025-04","2025-02","RoyalMotion IT","Songket","Tumi Nei - তুমি নেই","Tumi Nei - তুমি নেই","7316479834224","HUDHU2519856","RMITSK01","RMITSK01","Track","2652456.0000000000","6053962","612392","819897","669643","YouTube Content ID","Ad-Supported Streaming","Singapore","1","0.0109909250","0.0000000000","75.0000000000","0.0082431938","100.0000000000","0.0082431938","",""
"2025-04","2025-02","RoyalMotion IT","Obsedian Rifts","Bishad Rupantor - বিষাদ রুপান্তর","Bishad Rupantor - বিষাদ রুপান্তর","7316479968943","HUDHU2519932","RMITOR01","RMITOR01","Track","2676115.0000000000","6103462","612392","819897","669643","YouTube Content ID","Ad-Supported Streaming","Saudi Arabia","2","0.0000378250","0.0000000000","75.0000000000","0.0000283687","100.0000000000","0.0000283687","",""
"2025-04","2025-02","RoyalMotion IT","Protikkha","Artonaad - আর্তনাদ","Artonaad - আর্তনাদ","198676813441","QZNWR2426793","RMITPK01","RMITPK01","Track","2643468.0000000000","6039354","612392","819897","669643","YouTube Music","Ad-Supported Streaming","Bangladesh","4","0.0001705931","0.0000000000","75.0000000000","0.0001279448","100.0000000000","0.0001279448","",""
"2025-04","2025-02","RoyalMotion IT","Obsedian Rifts","Bishad Rupantor - বিষাদ রুপান্তর","Bishad Rupantor - বিষাদ রুপান্তর","7316479968943","HUDHU2519932","RMITOR01","RMITOR01","Track","2676115.0000000000","6103462","612392","819897","669643","YouTube Music","Ad-Supported Streaming","Oman","13","0.0012378119","0.0000000000","75.0000000000","0.0009283589","100.0000000000","0.0009283589","",""
"2025-04","2025-02","RoyalMotion IT","Dorshon","Priyo Bhul - প্রিয় ভুল","Priyo Bhul - প্রিয় ভুল","7316479786929","HUDHU2519799","RMITDS04","RMITDS04","Track","2644531.0000000000","6040966","612392","819897","669643","YouTube Content ID","Ad-Supported Streaming","United Arab Emirates","10","0.0050796000","0.0000000000","75.0000000000","0.0038097000","100.0000000000","0.0038097000","",""
"2025-04","2025-02","RoyalMotion IT","Songket","Tumi Nei - তুমি নেই","Tumi Nei - তুমি নেই","7316479834224","HUDHU2519856","RMITSK01","RMITSK01","Track","2652456.0000000000","6053962","612392","819897","669643","YouTube Content ID","Ad-Supported Streaming","Oman","4","0.0010455000","0.0000000000","75.0000000000","0.0007841250","100.0000000000","0.0007841250","",""
"2025-04","2025-02","RoyalMotion IT","Dorshon","Priyo Bhul - প্রিয় ভুল","Priyo Bhul - প্রিয় ভুল","7316479786929","HUDHU2519799","RMITDS04","RMITDS04","Track","2644531.0000000000","6040966","612392","819897","669643","YouTube Content ID","Ad-Supported Streaming","United Kingdom","3","0.0056197750","0.0000000000","75.0000000000","0.0042148312","100.0000000000","0.0042148312","",""
"2025-04","2025-02","RoyalMotion IT","Songket","Tumi Nei - তুমি নেই","Tumi Nei - তুমি নেই","7316479834224","HUDHU2519856","RMITSK01","RMITSK01","Track","2652456.0000000000","6053962","612392","819897","669643","YouTube Content ID","Ad-Supported Streaming","Oman","2","0.0003225750","0.0000000000","75.0000000000","0.0002419313","100.0000000000","0.0002419313","",""
"2025-04","2025-02","RoyalMotion IT","Obsedian Rifts","Bishad Rupantor - বিষাদ রুপান্তর","Bishad Rupantor - বিষাদ রুপান্তর","7316479968943","HUDHU2519932","RMITOR01","RMITOR01","Track","2676115.0000000000","6103462","612392","819897","669643","YouTube Music","Ad-Supported Streaming","United States","5","0.0568546162","0.0000000000","75.0000000000","0.0426409622","100.0000000000","0.0426409622","",""
"2025-04","2025-02","RoyalMotion IT","Songket","Tumi Nei - তুমি নেই","Tumi Nei - তুমি নেই","7316479834224","HUDHU2519856","RMITSK01","RMITSK01","Track","2652456.0000000000","6053962","612392","819897","669643","YouTube Content ID","Ad-Supported Streaming","Saudi Arabia","10","0.0028492000","0.0000000000","75.0000000000","0.0021369000","100.0000000000","0.0021369000","",""
"2025-04","2025-02","RoyalMotion IT","Obsedian Rifts","Bishad Rupantor - বিষাদ রুপান্তর","Bishad Rupantor - বিষাদ রুপান্তর","7316479968943","HUDHU2519932","RMITOR01","RMITOR01","Track","2676115.0000000000","6103462","612392","819897","669643","YouTube Music","Ad-Supported Streaming","India","78","0.0072107219","0.0000000000","75.0000000000","0.0054080414","100.0000000000","0.0054080414","",""
"2025-04","2025-02","RoyalMotion IT","Dorshon","Priyo Bhul - প্রিয় ভুল","Priyo Bhul - প্রিয় ভুল","7316479786929","HUDHU2519799","RMITDS04","RMITDS04","Track","2644531.0000000000","6040966","612392","819897","669643","YouTube Content ID","Ad-Supported Streaming","India","3","0.0003463750","0.0000000000","75.0000000000","0.0002597813","100.0000000000","0.0002597813","",""
"2025-04","2025-02","RoyalMotion IT","Obsedian Rifts","Bishad Rupantor - বিষাদ রুপান্তর","Bishad Rupantor - বিষাদ রুপান্তর","7316479968943","HUDHU2519932","RMITOR01","RMITOR01","Track","2676115.0000000000","6103462","612392","819897","669643","YouTube Music","Ad-Supported Streaming","Malaysia","56","0.0048993319","0.0000000000","75.0000000000","0.0036744989","100.0000000000","0.0036744989","",""
"2025-04","2025-02","RoyalMotion IT","Obsedian Rifts","Bishad Rupantor - বিষাদ রুপান্তর","Bishad Rupantor - বিষাদ রুপান্তর","7316479968943","HUDHU2519932","RMITOR01","RMITOR01","Track","2676115.0000000000","6103462","612392","819897","669643","YouTube Music","Ad-Supported Streaming","Kuwait","14","0.0112624300","0.0000000000","75.0000000000","0.0084468225","100.0000000000","0.0084468225","",""
"2025-04","2025-02","RoyalMotion IT","Dorshon","Priyo Bhul - প্রিয় ভুল","Priyo Bhul - প্রিয় ভুল","7316479786929","HUDHU2519799","RMITDS04","RMITDS04","Track","2644531.0000000000","6040966","612392","819897","669643","YouTube Music","Ad-Supported Streaming","Bangladesh","9","0.0008203825","0.0000000000","75.0000000000","0.0006152869","100.0000000000","0.0006152869","",""
"2025-04","2025-02","RoyalMotion IT","Dorshon","Priyo Bhul - প্রিয় ভুল","Priyo Bhul - প্রিয় ভুল","7316479786929","HUDHU2519799","RMITDS04","RMITDS04","Track","2644531.0000000000","6040966","612392","819897","669643","YouTube Content ID","Ad-Supported Streaming","United Arab Emirates","7","0.0029410000","0.0000000000","75.0000000000","0.0022057500","100.0000000000","0.0022057500","",""
"2025-04","2025-02","RoyalMotion IT","Songket","Tumi Nei - তুমি নেই","Tumi Nei - তুমি নেই","7316479834224","HUDHU2519856","RMITSK01","RMITSK01","Track","2652456.0000000000","6053962","612392","819897","669643","YouTube Content ID","Ad-Supported Streaming","United Arab Emirates","2","0.0001105000","0.0000000000","75.0000000000","0.0000828750","100.0000000000","0.0000828750","",""
"2025-04","2025-02","RoyalMotion IT","Songket","Tumi Nei - তুমি নেই","Tumi Nei - তুমি নেই","7316479834224","HUDHU2519856","RMITSK01","RMITSK01","Track","2652456.0000000000","6053962","612392","819897","669643","YouTube Content ID","Ad-Supported Streaming","Bangladesh","1805","0.0221811750","0.0000000000","75.0000000000","0.0166358812","100.0000000000","0.0166358812","",""
"2025-04","2025-02","RoyalMotion IT","Dorshon","Priyo Bhul - প্রিয় ভুল","Priyo Bhul - প্রিয় ভুল","7316479786929","HUDHU2519799","RMITDS04","RMITDS04","Track","2644531.0000000000","6040966","612392","819897","669643","YouTube Content ID","Ad-Supported Streaming","Saudi Arabia","23","0.0010459250","0.0000000000","75.0000000000","0.0007844438","100.0000000000","0.0007844438","",""
"2025-04","2025-02","RoyalMotion IT","Songket","Tumi Nei - তুমি নেই","Tumi Nei - তুমি নেই","7316479834224","HUDHU2519856","RMITSK01","RMITSK01","Track","2652456.0000000000","6053962","612392","819897","669643","YouTube Content ID","Ad-Supported Streaming","Malaysia","4","0.0004156500","0.0000000000","75.0000000000","0.0003117375","100.0000000000","0.0003117375","",""
"2025-04","2025-02","RoyalMotion IT","Songket","Tumi Nei - তুমি নেই","Tumi Nei - তুমি নেই","7316479834224","HUDHU2519856","RMITSK01","RMITSK01","Track","2652456.0000000000","6053962","612392","819897","669643","YouTube Music","Ad-Supported Streaming","Bangladesh","11","0.0009608206","0.0000000000","75.0000000000","0.0007206155","100.0000000000","0.0007206155","",""
"2025-04","2025-02","RoyalMotion IT","Obsedian Rifts","Bishad Rupantor - বিষাদ রুপান্তর","Bishad Rupantor - বিষাদ রুপান্তর","7316479968943","HUDHU2519932","RMITOR01","RMITOR01","Track","2676115.0000000000","6103462","612392","819897","669643","YouTube Music","Ad-Supported Streaming","South Africa","2","0.0010726069","0.0000000000","75.0000000000","0.0008044552","100.0000000000","0.0008044552","",""
"2025-04","2025-02","RoyalMotion IT","Salehin I Apon","Icarus Er Dana","Icarus Er Dana","7316479983168","HUDHU2519985","RMITSIA01","RMITSIA01","Track","2677767.0000000000","6105967","612392","819897","669643","YouTube Content ID","Subscription Streaming","Bangladesh","1","0.0032762157","0.0000000000","75.0000000000","0.0024571618","100.0000000000","0.0024571618","",""
"2025-04","2025-02","RoyalMotion IT","Search Light","Cholo Adhar - চলো আঁধার","Cholo Adhar - চলো আঁধার","7316479843868","HUDHU2519861","RMITSL01","RMITSL01","Track","2653572.0000000000","6055839","612392","819897","669643","YouTube Music","Ad-Supported Streaming","Bangladesh","6","0.0001705931","0.0000000000","75.0000000000","0.0001279448","100.0000000000","0.0001279448","",""
"2025-04","2025-02","RoyalMotion IT","Songket","Tumi Nei - তুমি নেই","Tumi Nei - তুমি নেই","7316479834224","HUDHU2519856","RMITSK01","RMITSK01","Track","2652456.0000000000","6053962","612392","819897","669643","YouTube Content ID","Ad-Supported Streaming","Germany","3","0.0012354750","0.0000000000","75.0000000000","0.0009266062","100.0000000000","0.0009266062","",""
"2025-04","2025-02","RoyalMotion IT","Dorshon","Priyo Bhul - প্রিয় ভুল","Priyo Bhul - প্রিয় ভুল","7316479786929","HUDHU2519799","RMITDS04","RMITDS04","Track","2644531.0000000000","6040966","612392","819897","669643","YouTube Content ID","Ad-Supported Streaming","Oman","6","0.0008011250","0.0000000000","75.0000000000","0.0006008437","100.0000000000","0.0006008437","",""
"2025-04","2025-02","RoyalMotion IT","Dorshon","Priyo Bhul - প্রিয় ভুল","Priyo Bhul - প্রিয় ভুল","7316479786929","HUDHU2519799","RMITDS04","RMITDS04","Track","2644531.0000000000","6040966","612392","819897","669643","YouTube Music","Subscription Streaming","Bangladesh","1","0.0015753513","0.0000000000","75.0000000000","0.0011815135","100.0000000000","0.0011815135","",""
"2025-04","2025-02","RoyalMotion IT","Songket","Tumi Nei - তুমি নেই","Tumi Nei - তুমি নেই","7316479834224","HUDHU2519856","RMITSK01","RMITSK01","Track","2652456.0000000000","6053962","612392","819897","669643","YouTube Content ID","Ad-Supported Streaming","Qatar","3","0.0003599750","0.0000000000","75.0000000000","0.0002699813","100.0000000000","0.0002699813","",""
"2025-04","2025-02","RoyalMotion IT","Protikkha","Artonaad - আর্তনাদ","Artonaad - আর্তনাদ","198676813441","QZNWR2426793","RMITPK01","RMITPK01","Track","2643468.0000000000","6039354","612392","819897","669643","YouTube Music","Ad-Supported Streaming","Malaysia","5","0.0013350294","0.0000000000","75.0000000000","0.0010012721","100.0000000000","0.0010012721","",""
"2025-04","2025-02","RoyalMotion IT","Songket","Tumi Nei - তুমি নেই","Tumi Nei - তুমি নেই","7316479834224","HUDHU2519856","RMITSK01","RMITSK01","Track","2652456.0000000000","6053962","612392","819897","669643","YouTube Content ID","Ad-Supported Streaming","Italy","5","0.0002163250","0.0000000000","75.0000000000","0.0001622438","100.0000000000","0.0001622438","",""
"2025-04","2025-02","RoyalMotion IT","Dorshon","Priyo Bhul - প্রিয় ভুল","Priyo Bhul - প্রিয় ভুল","7316479786929","HUDHU2519799","RMITDS04","RMITDS04","Track","2644531.0000000000","6040966","612392","819897","669643","YouTube Content ID","Subscription Streaming","Bangladesh","10","0.0053927344","0.0000000000","75.0000000000","0.0040445508","100.0000000000","0.0040445508","",""
"2025-04","2025-02","RoyalMotion IT","Protikkha","Artonaad - আর্তনাদ","Artonaad - আর্তনাদ","198676813441","QZNWR2426793","RMITPK01","RMITPK01","Track","2643468.0000000000","6039354","612392","819897","669643","YouTube Music","Ad-Supported Streaming","India","8","0.0002050725","0.0000000000","75.0000000000","0.0001538044","100.0000000000","0.0001538044","",""
"2025-04","2025-02","RoyalMotion IT","Songket","Tumi Nei - তুমি নেই","Tumi Nei - তুমি নেই","7316479834224","HUDHU2519856","RMITSK01","RMITSK01","Track","2652456.0000000000","6053962","612392","819897","669643","YouTube Content ID","Ad-Supported Streaming","Bangladesh","362","0.0123670750","0.0000000000","75.0000000000","0.0092753062","100.0000000000","0.0092753062","",""
"2025-04","2025-02","RoyalMotion IT","Dorshon","Priyo Bhul - প্রিয় ভুল","Priyo Bhul - প্রিয় ভুল","7316479786929","HUDHU2519799","RMITDS04","RMITDS04","Track","2644531.0000000000","6040966","612392","819897","669643","YouTube Content ID","Ad-Supported Streaming","Qatar","5","0.0005274250","0.0000000000","75.0000000000","0.0003955687","100.0000000000","0.0003955687","",""
"2025-04","2025-02","RoyalMotion IT","Songket","Tumi Nei - তুমি নেই","Tumi Nei - তুমি নেই","7316479834224","HUDHU2519856","RMITSK01","RMITSK01","Track","2652456.0000000000","6053962","612392","819897","669643","YouTube Content ID","Ad-Supported Streaming","Malaysia","2","0.0008058000","0.0000000000","75.0000000000","0.0006043500","100.0000000000","0.0006043500","",""
"2025-04","2025-02","RoyalMotion IT","Dorshon","Priyo Bhul - প্রিয় ভুল","Priyo Bhul - প্রিয় ভুল","7316479786929","HUDHU2519799","RMITDS04","RMITDS04","Track","2644531.0000000000","6040966","612392","819897","669643","YouTube Music","Ad-Supported Streaming","Canada","1","0.0025961975","0.0000000000","75.0000000000","0.0019471481","100.0000000000","0.0019471481","",""
"2025-04","2025-02","RoyalMotion IT","Sajjad Ahmmed","College Er Baranday","College Er Baranday","7316479974821","HUDHU2519948","RMITSA01","RMITSA01","Track","2676994.0000000000","6104681","612392","819897","669643","YouTube Music","Subscription Streaming","United States","2","0.0058747379","0.0000000000","75.0000000000","0.0044060534","100.0000000000","0.0044060534","",""
"2025-04","2025-02","RoyalMotion IT","Obsedian Rifts","Bishad Rupantor - বিষাদ রুপান্তর","Bishad Rupantor - বিষাদ রুপান্তর","7316479968943","HUDHU2519932","RMITOR01","RMITOR01","Track","2676115.0000000000","6103462","612392","819897","669643","YouTube Music","Ad-Supported Streaming","Kuwait","9","0.0069069750","0.0000000000","75.0000000000","0.0051802313","100.0000000000","0.0051802313","",""
"2025-04","2025-02","RoyalMotion IT","Obsedian Rifts","Bishad Rupantor - বিষাদ রুপান্তর","Bishad Rupantor - বিষাদ রুপান্তর","7316479968943","HUDHU2519932","RMITOR01","RMITOR01","Track","2676115.0000000000","6103462","612392","819897","669643","YouTube Content ID","Ad-Supported Streaming","Saudi Arabia","25","0.0014700750","0.0000000000","75.0000000000","0.0011025563","100.0000000000","0.0011025563","",""
"2025-04","2025-02","RoyalMotion IT","Salehin I Apon","Icarus Er Dana","Icarus Er Dana","7316479983168","HUDHU2519985","RMITSIA01","RMITSIA01","Track","2677767.0000000000","6105967","612392","819897","669643","YouTube Content ID","Subscription Streaming","United States","1","0.0053984078","0.0000000000","75.0000000000","0.0040488059","100.0000000000","0.0040488059","",""
"2025-04","2025-02","RoyalMotion IT","Dorshon","Priyo Bhul - প্রিয় ভুল","Priyo Bhul - প্রিয় ভুল","7316479786929","HUDHU2519799","RMITDS04","RMITDS04","Track","2644531.0000000000","6040966","612392","819897","669643","YouTube Content ID","Ad-Supported Streaming","Singapore","1","0.0004186250","0.0000000000","75.0000000000","0.0003139687","100.0000000000","0.0003139687","",""
"2025-04","2025-02","RoyalMotion IT","Dorshon","Priyo Bhul - প্রিয় ভুল","Priyo Bhul - প্রিয় ভুল","7316479786929","HUDHU2519799","RMITDS04","RMITDS04","Track","2644531.0000000000","6040966","612392","819897","669643","YouTube Music","Ad-Supported Streaming","India","7","0.0011809475","0.0000000000","75.0000000000","0.0008857106","100.0000000000","0.0008857106","",""
"2025-04","2025-02","RoyalMotion IT","Dorshon","Priyo Bhul - প্রিয় ভুল","Priyo Bhul - প্রিয় ভুল","7316479786929","HUDHU2519799","RMITDS04","RMITDS04","Track","2644531.0000000000","6040966","612392","819897","669643","YouTube Content ID","Ad-Supported Streaming","Iraq","1","0.0000807500","0.0000000000","75.0000000000","0.0000605625","100.0000000000","0.0000605625","",""
"2025-04","2025-02","RoyalMotion IT","Songket","Tumi Nei - তুমি নেই","Tumi Nei - তুমি নেই","7316479834224","HUDHU2519856","RMITSK01","RMITSK01","Track","2652456.0000000000","6053962","612392","819897","669643","YouTube Content ID","Ad-Supported Streaming","United Arab Emirates","1","0.0043528500","0.0000000000","75.0000000000","0.0032646375","100.0000000000","0.0032646375","",""
"2025-04","2025-02","RoyalMotion IT","Obsedian Rifts","Bishad Rupantor - বিষাদ রুপান্তর","Bishad Rupantor - বিষাদ রুপান্তর","7316479968943","HUDHU2519932","RMITOR01","RMITOR01","Track","2676115.0000000000","6103462","612392","819897","669643","YouTube Music","Subscription Streaming","India","2","0.0028720708","0.0000000000","75.0000000000","0.0021540531","100.0000000000","0.0021540531","",""
"2025-04","2025-02","RoyalMotion IT","Obsedian Rifts","Bishad Rupantor - বিষাদ রুপান্তর","Bishad Rupantor - বিষাদ রুপান্তর","7316479968943","HUDHU2519932","RMITOR01","RMITOR01","Track","2676115.0000000000","6103462","612392","819897","669643","YouTube Music","Ad-Supported Streaming","Cyprus","2","0.0019148425","0.0000000000","75.0000000000","0.0014361319","100.0000000000","0.0014361319","",""
"2025-04","2025-02","RoyalMotion IT","Dorshon","Priyo Bhul - প্রিয় ভুল","Priyo Bhul - প্রিয় ভুল","7316479786929","HUDHU2519799","RMITDS04","RMITDS04","Track","2644531.0000000000","6040966","612392","819897","669643","YouTube Content ID","Ad-Supported Streaming","Portugal","1","0.0005542000","0.0000000000","75.0000000000","0.0004156500","100.0000000000","0.0004156500","",""
"2025-04","2025-02","RoyalMotion IT","Dorshon","Priyo Bhul - প্রিয় ভুল","Priyo Bhul - প্রিয় ভুল","7316479786929","HUDHU2519799","RMITDS04","RMITDS04","Track","2644531.0000000000","6040966","612392","819897","669643","YouTube Music","Subscription Streaming","United Kingdom","2","0.0400778533","0.0000000000","75.0000000000","0.0300583900","100.0000000000","0.0300583900","",""
"2025-04","2025-02","RoyalMotion IT","Obsedian Rifts","Bishad Rupantor - বিষাদ রুপান্তর","Bishad Rupantor - বিষাদ রুপান্তর","7316479968943","HUDHU2519932","RMITOR01","RMITOR01","Track","2676115.0000000000","6103462","612392","819897","669643","YouTube Music","Ad-Supported Streaming","Spain","2","0.0064501175","0.0000000000","75.0000000000","0.0048375881","100.0000000000","0.0048375881","",""
"2025-04","2025-02","RoyalMotion IT","Songket","Tumi Nei - তুমি নেই","Tumi Nei - তুমি নেই","7316479834224","HUDHU2519856","RMITSK01","RMITSK01","Track","2652456.0000000000","6053962","612392","819897","669643","YouTube Content ID","Ad-Supported Streaming","India","4","0.0002329000","0.0000000000","75.0000000000","0.0001746750","100.0000000000","0.0001746750","",""
"2025-04","2025-02","RoyalMotion IT","Obsedian Rifts","Bishad Rupantor - বিষাদ রুপান্তর","Bishad Rupantor - বিষাদ রুপান্তর","7316479968943","HUDHU2519932","RMITOR01","RMITOR01","Track","2676115.0000000000","6103462","612392","819897","669643","YouTube Music","Ad-Supported Streaming","Jordan","1","0.0004203894","0.0000000000","75.0000000000","0.0003152920","100.0000000000","0.0003152920","",""
"2025-04","2025-02","RoyalMotion IT","Dorshon","Priyo Bhul - প্রিয় ভুল","Priyo Bhul - প্রিয় ভুল","7316479786929","HUDHU2519799","RMITDS04","RMITDS04","Track","2644531.0000000000","6040966","612392","819897","669643","YouTube Content ID","Ad-Supported Streaming","Italy","8","0.0021165000","0.0000000000","75.0000000000","0.0015873750","100.0000000000","0.0015873750","",""
"2025-04","2025-02","RoyalMotion IT","Obsedian Rifts","Bishad Rupantor - বিষাদ রুপান্তর","Bishad Rupantor - বিষাদ রুপান্তর","7316479968943","HUDHU2519932","RMITOR01","RMITOR01","Track","2676115.0000000000","6103462","612392","819897","669643","YouTube Music","Ad-Supported Streaming","Bahrain","4","0.0018205388","0.0000000000","75.0000000000","0.0013654041","100.0000000000","0.0013654041","",""
"2025-04","2025-02","RoyalMotion IT","Obsedian Rifts","Bishad Rupantor - বিষাদ রুপান্তর","Bishad Rupantor - বিষাদ রুপান্তর","7316479968943","HUDHU2519932","RMITOR01","RMITOR01","Track","2676115.0000000000","6103462","612392","819897","669643","YouTube Music","Ad-Supported Streaming","Malaysia","30","0.0065030969","0.0000000000","75.0000000000","0.0048773227","100.0000000000","0.0048773227","",""
"2025-04","2025-02","RoyalMotion IT","Obsedian Rifts","Bishad Rupantor - বিষাদ রুপান্তর","Bishad Rupantor - বিষাদ রুপান্তর","7316479968943","HUDHU2519932","RMITOR01","RMITOR01","Track","2676115.0000000000","6103462","612392","819897","669643","YouTube Music","Ad-Supported Streaming","Kuwait","1","0.0005443163","0.0000000000","75.0000000000","0.0004082372","100.0000000000","0.0004082372","",""
"2025-04","2025-02","RoyalMotion IT","Dorshon","Priyo Bhul - প্রিয় ভুল","Priyo Bhul - প্রিয় ভুল","7316479786929","HUDHU2519799","RMITDS04","RMITDS04","Track","2644531.0000000000","6040966","612392","819897","669643","YouTube Content ID","Subscription Streaming","India","2","0.0019146464","0.0000000000","75.0000000000","0.0014359848","100.0000000000","0.0014359848","",""
"2025-04","2025-02","RoyalMotion IT","Obsedian Rifts","Bishad Rupantor - বিষাদ রুপান্তর","Bishad Rupantor - বিষাদ রুপান্তর","7316479968943","HUDHU2519932","RMITOR01","RMITOR01","Track","2676115.0000000000","6103462","612392","819897","669643","YouTube Music","Ad-Supported Streaming","France","1","0.0023430019","0.0000000000","75.0000000000","0.0017572514","100.0000000000","0.0017572514","",""
"2025-04","2025-02","RoyalMotion IT","Songket","Tumi Nei - তুমি নেই","Tumi Nei - তুমি নেই","7316479834224","HUDHU2519856","RMITSK01","RMITSK01","Track","2652456.0000000000","6053962","612392","819897","669643","YouTube Content ID","Ad-Supported Streaming","Kuwait","5","0.0009469000","0.0000000000","75.0000000000","0.0007101750","100.0000000000","0.0007101750","",""
"2025-04","2025-02","RoyalMotion IT","Obsedian Rifts","Bishad Rupantor - বিষাদ রুপান্তর","Bishad Rupantor - বিষাদ রুপান্তর","7316479968943","HUDHU2519932","RMITOR01","RMITOR01","Track","2676115.0000000000","6103462","612392","819897","669643","YouTube Music","Subscription Streaming","Bangladesh","7","0.0122721568","0.0000000000","75.0000000000","0.0092041176","100.0000000000","0.0092041176","",""
"2025-04","2025-02","RoyalMotion IT","Dorshon","Priyo Bhul - প্রিয় ভুল","Priyo Bhul - প্রিয় ভুল","7316479786929","HUDHU2519799","RMITDS04","RMITDS04","Track","2644531.0000000000","6040966","612392","819897","669643","YouTube Content ID","Subscription Streaming","Bangladesh","7","0.0028952402","0.0000000000","75.0000000000","0.0021714302","100.0000000000","0.0021714302","",""
"2025-04","2025-02","RoyalMotion IT","Protikkha","Artonaad - আর্তনাদ","Artonaad - আর্তনাদ","198676813441","QZNWR2426793","RMITPK01","RMITPK01","Track","2643468.0000000000","6039354","612392","819897","669643","YouTube Content ID","Ad-Supported Streaming","Bangladesh","8","0.0002367250","0.0000000000","75.0000000000","0.0001775437","100.0000000000","0.0001775437","",""
"2025-04","2025-02","RoyalMotion IT","Obsedian Rifts","Bishad Rupantor - বিষাদ রুপান্তর","Bishad Rupantor - বিষাদ রুপান্তর","7316479968943","HUDHU2519932","RMITOR01","RMITOR01","Track","2676115.0000000000","6103462","612392","819897","669643","YouTube Music","Ad-Supported Streaming","Italy","33","0.0163969894","0.0000000000","75.0000000000","0.0122977420","100.0000000000","0.0122977420","",""
"2025-04","2025-02","RoyalMotion IT","Obsedian Rifts","Bishad Rupantor - বিষাদ রুপান্তর","Bishad Rupantor - বিষাদ রুপান্তর","7316479968943","HUDHU2519932","RMITOR01","RMITOR01","Track","2676115.0000000000","6103462","612392","819897","669643","YouTube Content ID","Ad-Supported Streaming","Belgium","1","0.0004802500","0.0000000000","75.0000000000","0.0003601875","100.0000000000","0.0003601875","",""
"2025-04","2025-02","RoyalMotion IT","Protikkha","Artonaad - আর্তনাদ","Artonaad - আর্তনাদ","198676813441","QZNWR2426793","RMITPK01","RMITPK01","Track","2643468.0000000000","6039354","612392","819897","669643","YouTube Music","Subscription Streaming","United States","1","0.0079769330","0.0000000000","75.0000000000","0.0059826997","100.0000000000","0.0059826997","",""
"2025-04","2025-02","RoyalMotion IT","Dorshon","Priyo Bhul - প্রিয় ভুল","Priyo Bhul - প্রিয় ভুল","7316479786929","HUDHU2519799","RMITDS04","RMITDS04","Track","2644531.0000000000","6040966","612392","819897","669643","YouTube Content ID","Ad-Supported Streaming","Italy","4","0.0013957000","0.0000000000","75.0000000000","0.0010467750","100.0000000000","0.0010467750","",""
"2025-04","2025-02","RoyalMotion IT","Dorshon","Priyo Bhul - প্রিয় ভুল","Priyo Bhul - প্রিয় ভুল","7316479786929","HUDHU2519799","RMITDS04","RMITDS04","Track","2644531.0000000000","6040966","612392","819897","669643","YouTube Music","Subscription Streaming","Bangladesh","1","0.0015753513","0.0000000000","75.0000000000","0.0011815135","100.0000000000","0.0011815135","",""
"2025-04","2025-02","RoyalMotion IT","Protikkha","Artonaad - আর্তনাদ","Artonaad - আর্তনাদ","198676813441","QZNWR2426793","RMITPK01","RMITPK01","Track","2643468.0000000000","6039354","612392","819897","669643","YouTube Music","Ad-Supported Streaming","Oman","2","0.0007149094","0.0000000000","75.0000000000","0.0005361820","100.0000000000","0.0005361820","",""
"2025-04","2025-02","RoyalMotion IT","Obsedian Rifts","Bishad Rupantor - বিষাদ রুপান্তর","Bishad Rupantor - বিষাদ রুপান্তর","7316479968943","HUDHU2519932","RMITOR01","RMITOR01","Track","2676115.0000000000","6103462","612392","819897","669643","YouTube Music","Ad-Supported Streaming","Saudi Arabia","11","0.0065798719","0.0000000000","75.0000000000","0.0049349039","100.0000000000","0.0049349039","",""
"2025-04","2025-02","RoyalMotion IT","Salehin I Apon","Icarus Er Dana","Icarus Er Dana","7316479983168","HUDHU2519985","RMITSIA01","RMITSIA01","Track","2677767.0000000000","6105967","612392","819897","669643","YouTube Content ID","Ad-Supported Streaming","Bangladesh","138","0.0006430250","0.0000000000","75.0000000000","0.0004822687","100.0000000000","0.0004822687","",""
"2025-04","2025-02","RoyalMotion IT","Protikkha","Artonaad - আর্তনাদ","Artonaad - আর্তনাদ","198676813441","QZNWR2426793","RMITPK01","RMITPK01","Track","2643468.0000000000","6039354","612392","819897","669643","YouTube Music","Ad-Supported Streaming","India","46","0.0061634138","0.0000000000","75.0000000000","0.0046225603","100.0000000000","0.0046225603","",""
"2025-04","2025-02","RoyalMotion IT","Obsedian Rifts","Bishad Rupantor - বিষাদ রুপান্তর","Bishad Rupantor - বিষাদ রুপান্তর","7316479968943","HUDHU2519932","RMITOR01","RMITOR01","Track","2676115.0000000000","6103462","612392","819897","669643","YouTube Music","Ad-Supported Streaming","Kazakhstan","1","0.0005117331","0.0000000000","75.0000000000","0.0003837998","100.0000000000","0.0003837998","",""
"2025-04","2025-02","RoyalMotion IT","Dorshon","Priyo Bhul - প্রিয় ভুল","Priyo Bhul - প্রিয় ভুল","7316479786929","HUDHU2519799","RMITDS04","RMITDS04","Track","2644531.0000000000","6040966","612392","819897","669643","YouTube Content ID","Subscription Streaming","Canada","1","0.0103382233","0.0000000000","75.0000000000","0.0077536675","100.0000000000","0.0077536675","",""
"2025-04","2025-02","RoyalMotion IT","Dorshon","Priyo Bhul - প্রিয় ভুল","Priyo Bhul - প্রিয় ভুল","7316479786929","HUDHU2519799","RMITDS04","RMITDS04","Track","2644531.0000000000","6040966","612392","819897","669643","YouTube Content ID","Ad-Supported Streaming","India","62","0.0127007000","0.0000000000","75.0000000000","0.0095255250","100.0000000000","0.0095255250","",""
"2025-04","2025-02","RoyalMotion IT","Dorshon","Priyo Bhul - প্রিয় ভুল","Priyo Bhul - প্রিয় ভুল","7316479786929","HUDHU2519799","RMITDS04","RMITDS04","Track","2644531.0000000000","6040966","612392","819897","669643","YouTube Content ID","Ad-Supported Streaming","Singapore","4","0.0020978000","0.0000000000","75.0000000000","0.0015733500","100.0000000000","0.0015733500","",""
"2025-04","2025-02","RoyalMotion IT","Dorshon","Priyo Bhul - প্রিয় ভুল","Priyo Bhul - প্রিয় ভুল","7316479786929","HUDHU2519799","RMITDS04","RMITDS04","Track","2644531.0000000000","6040966","612392","819897","669643","YouTube Music","Ad-Supported Streaming","Bangladesh","33","0.0005550000","0.0000000000","75.0000000000","0.0004162500","100.0000000000","0.0004162500","",""
"2025-04","2025-02","RoyalMotion IT","Songket","Tumi Nei - তুমি নেই","Tumi Nei - তুমি নেই","7316479834224","HUDHU2519856","RMITSK01","RMITSK01","Track","2652456.0000000000","6053962","612392","819897","669643","YouTube Content ID","Ad-Supported Streaming","United Arab Emirates","3","0.0003582750","0.0000000000","75.0000000000","0.0002687063","100.0000000000","0.0002687063","",""
"2025-04","2025-02","RoyalMotion IT","Obsedian Rifts","Bishad Rupantor - বিষাদ রুপান্তর","Bishad Rupantor - বিষাদ রুপান্তর","7316479968943","HUDHU2519932","RMITOR01","RMITOR01","Track","2676115.0000000000","6103462","612392","819897","669643","YouTube Content ID","Ad-Supported Streaming","Singapore","1","0.0003145000","0.0000000000","75.0000000000","0.0002358750","100.0000000000","0.0002358750","",""
"2025-04","2025-02","RoyalMotion IT","Atik S","Vedu Dey - ভেডু দেয়","Vedu Dey - ভেডু দেয়","7316479753358","HUDHU2519759","RMITAS01","RMITAS01","Track","2639664.0000000000","6032807","612392","819897","669643","YouTube Music","Ad-Supported Streaming","Saudi Arabia","1","0.0000840594","0.0000000000","75.0000000000","0.0000630445","100.0000000000","0.0000630445","",""
"2025-04","2025-02","RoyalMotion IT","Songket","Tumi Nei - তুমি নেই","Tumi Nei - তুমি নেই","7316479834224","HUDHU2519856","RMITSK01","RMITSK01","Track","2652456.0000000000","6053962","612392","819897","669643","YouTube Content ID","Ad-Supported Streaming","India","12","0.0004326500","0.0000000000","75.0000000000","0.0003244875","100.0000000000","0.0003244875","",""
"2025-04","2025-02","RoyalMotion IT","Dorshon","Priyo Bhul - প্রিয় ভুল","Priyo Bhul - প্রিয় ভুল","7316479786929","HUDHU2519799","RMITDS04","RMITDS04","Track","2644531.0000000000","6040966","612392","819897","669643","YouTube Content ID","Ad-Supported Streaming","Bahrain","1","0.0001024250","0.0000000000","75.0000000000","0.0000768187","100.0000000000","0.0000768187","",""
"2025-04","2025-02","RoyalMotion IT","Songket","Tumi Nei - তুমি নেই","Tumi Nei - তুমি নেই","7316479834224","HUDHU2519856","RMITSK01","RMITSK01","Track","2652456.0000000000","6053962","612392","819897","669643","YouTube Content ID","Subscription Streaming","Philippines","1","0.0030040163","0.0000000000","75.0000000000","0.0022530122","100.0000000000","0.0022530122","",""
"2025-04","2025-02","RoyalMotion IT","Obsedian Rifts","Bishad Rupantor - বিষাদ রুপান্তর","Bishad Rupantor - বিষাদ রুপান্তর","7316479968943","HUDHU2519932","RMITOR01","RMITOR01","Track","2676115.0000000000","6103462","612392","819897","669643","YouTube Music","Ad-Supported Streaming","Italy","30","0.0148058506","0.0000000000","75.0000000000","0.0111043880","100.0000000000","0.0111043880","",""
"2025-04","2025-02","RoyalMotion IT","Dorshon","Priyo Bhul - প্রিয় ভুল","Priyo Bhul - প্রিয় ভুল","7316479786929","HUDHU2519799","RMITDS04","RMITDS04","Track","2644531.0000000000","6040966","612392","819897","669643","YouTube Content ID","Subscription Streaming","Qatar","1","0.0089459392","0.0000000000","75.0000000000","0.0067094544","100.0000000000","0.0067094544","",""
"2025-04","2025-02","RoyalMotion IT","Dorshon","Priyo Bhul - প্রিয় ভুল","Priyo Bhul - প্রিয় ভুল","7316479786929","HUDHU2519799","RMITDS04","RMITDS04","Track","2644531.0000000000","6040966","612392","819897","669643","YouTube Music","Ad-Supported Streaming","India","5","0.0040002319","0.0000000000","75.0000000000","0.0030001739","100.0000000000","0.0030001739","",""
"2025-04","2025-02","RoyalMotion IT","Protikkha","Artonaad - আর্তনাদ","Artonaad - আর্তনাদ","198676813441","QZNWR2426793","RMITPK01","RMITPK01","Track","2643468.0000000000","6039354","612392","819897","669643","YouTube Music","Ad-Supported Streaming","Singapore","4","0.0036284512","0.0000000000","75.0000000000","0.0027213384","100.0000000000","0.0027213384","",""
"2025-04","2025-02","RoyalMotion IT","Obsedian Rifts","Bishad Rupantor - বিষাদ রুপান্তর","Bishad Rupantor - বিষাদ রুপান্তর","7316479968943","HUDHU2519932","RMITOR01","RMITOR01","Track","2676115.0000000000","6103462","612392","819897","669643","YouTube Music","Ad-Supported Streaming","New Zealand","1","0.0062333900","0.0000000000","75.0000000000","0.0046750425","100.0000000000","0.0046750425","",""
"2025-04","2025-02","RoyalMotion IT","Dorshon","Priyo Bhul - প্রিয় ভুল","Priyo Bhul - প্রিয় ভুল","7316479786929","HUDHU2519799","RMITDS04","RMITDS04","Track","2644531.0000000000","6040966","612392","819897","669643","YouTube Content ID","Ad-Supported Streaming","Oman","2","0.0004075750","0.0000000000","75.0000000000","0.0003056813","100.0000000000","0.0003056813","",""
"2025-04","2025-02","RoyalMotion IT","Obsedian Rifts","Bishad Rupantor - বিষাদ রুপান্তর","Bishad Rupantor - বিষাদ রুপান্তর","7316479968943","HUDHU2519932","RMITOR01","RMITOR01","Track","2676115.0000000000","6103462","612392","819897","669643","YouTube Content ID","Ad-Supported Streaming","South Africa","2","0.0000896750","0.0000000000","75.0000000000","0.0000672562","100.0000000000","0.0000672562","",""
"2025-04","2025-02","RoyalMotion IT","Dorshon","Priyo Bhul - প্রিয় ভুল","Priyo Bhul - প্রিয় ভুল","7316479786929","HUDHU2519799","RMITDS04","RMITDS04","Track","2644531.0000000000","6040966","612392","819897","669643","YouTube Content ID","Ad-Supported Streaming","Canada","3","0.0045836250","0.0000000000","75.0000000000","0.0034377188","100.0000000000","0.0034377188","",""
"2025-04","2025-02","RoyalMotion IT","Songket","Tumi Nei - তুমি নেই","Tumi Nei - তুমি নেই","7316479834224","HUDHU2519856","RMITSK01","RMITSK01","Track","2652456.0000000000","6053962","612392","819897","669643","YouTube Content ID","Ad-Supported Streaming","Bangladesh","254","0.0006948750","0.0000000000","75.0000000000","0.0005211563","100.0000000000","0.0005211563","",""
"2025-04","2025-02","RoyalMotion IT","Dorshon","Priyo Bhul - প্রিয় ভুল","Priyo Bhul - প্রিয় ভুল","7316479786929","HUDHU2519799","RMITDS04","RMITDS04","Track","2644531.0000000000","6040966","612392","819897","669643","YouTube Content ID","Subscription Streaming","Saudi Arabia","2","0.0146725188","0.0000000000","75.0000000000","0.0110043891","100.0000000000","0.0110043891","",""
"2025-04","2025-02","RoyalMotion IT","Songket","Tumi Nei - তুমি নেই","Tumi Nei - তুমি নেই","7316479834224","HUDHU2519856","RMITSK01","RMITSK01","Track","2652456.0000000000","6053962","612392","819897","669643","YouTube Content ID","Ad-Supported Streaming","Oman","1","0.0002958000","0.0000000000","75.0000000000","0.0002218500","100.0000000000","0.0002218500","",""
"2025-04","2025-02","RoyalMotion IT","Dorshon","Priyo Bhul - প্রিয় ভুল","Priyo Bhul - প্রিয় ভুল","7316479786929","HUDHU2519799","RMITDS04","RMITDS04","Track","2644531.0000000000","6040966","612392","819897","669643","YouTube Content ID","Ad-Supported Streaming","Singapore","2","0.0003200250","0.0000000000","75.0000000000","0.0002400187","100.0000000000","0.0002400187","",""
